county_fips,YEAR,SEX,AGE,unemployed,med_inc,pop
1000,2007,1.5288067599863435,48.1809491293957,3.290372140662342,17000.0,2149584.0
1000,2011,1.522652310725253,48.96618265913485,5.713310838988512,15800.0,2250941.0
1000,2015,1.5239718414227492,49.64927751018896,3.6087439792515745,18000.0,2438898.0
1000,2019,1.5247813411078717,50.15459005902012,2.279030078930527,21555.0,2464639.0
10001,2007,1.535064935064935,45.457142857142856,2.943722943722944,22300.0,124513.0
10001,2011,1.5344827586206897,47.63322884012539,5.956112852664576,21050.0,131929.0
10001,2015,1.529641185647426,48.45475819032761,3.43213728549142,24000.0,140104.0
10001,2019,1.532258064516129,48.84101382488479,3.0721966205837172,27000.0,145429.0
10003,2007,1.5358707557502738,45.80859802847755,3.313253012048193,26900.0,422642.0
10003,2011,1.5362694300518134,46.53862458784739,5.322656617993406,25350.0,440240.0
10003,2015,1.524197412553905,47.38428366075707,3.5936751317680886,27650.0,455996.0
10003,2019,1.5195960567444098,48.825198364991586,2.476556864630921,35000.0,461826.0
10005,2007,1.5161290322580645,51.853415559772294,2.7514231499051234,24000.0,151021.0
10005,2011,1.5300101729399798,52.80162767039675,4.628687690742624,24000.0,166225.0
10005,2015,1.5313827277017462,56.29117508258613,2.8315243039169418,25000.0,180459.0
10005,2019,1.5107070707070707,56.65131313131313,1.6969696969696972,31600.0,198504.0
1003,2007,1.5194585448392555,48.20558375634518,2.284263959390863,22000.0,140266.0
1003,2011,1.5141657922350473,49.43546694648479,4.616998950682056,19900.0,150677.0
1003,2015,1.5025641025641026,52.22649572649573,2.307692307692308,24000.0,166643.0
1003,2019,1.5073929961089494,52.842801556420234,2.0233463035019454,25300.0,185749.0
1015,2007,1.537117903930131,46.61353711790393,5.131004366812228,16350.0,92541.0
1015,2011,1.5381165919282511,47.110986547085204,5.829596412556054,14450.0,95231.0
1015,2015,1.5367561260210034,48.694282380396736,5.717619603267211,16500.0,94708.0
1015,2019,1.509478672985782,49.56398104265403,3.909952606635071,20900.0,93886.0
1055,2007,1.5243243243243243,49.09081081081081,3.135135135135135,17000.0,82111.0
1055,2011,1.5089285714285714,49.754464285714285,3.7946428571428568,14300.0,85249.0
1055,2015,1.514654161781946,49.51934349355217,2.5791324736225087,18000.0,84315.0
1055,2019,1.5301775147928993,52.633136094674555,2.9585798816568047,20000.0,83304.0
1073,2007,1.540199470791777,46.75005088540607,3.907999185833503,20000.0,534917.0
1073,2011,1.541233694450586,47.81782003095291,6.2347999115631225,16840.0,529754.0
1073,2015,1.537980146741476,48.31506258092361,3.9922313336210618,20740.0,533564.0
1073,2019,1.534923339011925,49.48168654173765,2.5340715502555367,23050.0,533835.0
1081,2007,1.5138004246284502,40.983722576079266,3.1847133757961785,20000.0,106003.0
1081,2011,1.5342624854819977,38.850174216027874,4.994192799070848,10300.0,117108.0
1081,2015,1.5181451612903225,41.52116935483871,3.5282258064516134,15500.0,128401.0
1081,2019,1.536764705882353,45.5453431372549,1.9607843137254901,22000.0,136089.0
1097,2007,1.5455791638108294,47.047978067169296,3.8039753255654554,16600.0,315892.0
1097,2011,1.5351043643263758,47.78178368121442,6.672991777356104,16650.0,329948.0
1097,2015,1.536016232668245,49.13763949949273,3.3818058843422385,18000.0,333177.0
1097,2019,1.5391476709613479,49.93954410307235,3.006276841757516,21600.0,332248.0
11001,2007,1.542158516020236,44.29258010118044,4.279089376053963,30000.0,492989.0
11001,2011,1.5467612809315867,43.40665938864629,6.695778748180495,29900.0,530180.0
11001,2015,1.5364319412895335,43.31032675170365,4.368338284116722,38800.0,569380.0
11001,2019,1.539437585733882,43.075788751714676,3.5493827160493825,52000.0,593790.0
1117,2007,1.5248655913978495,45.03763440860215,2.620967741935484,30000.0,141883.0
1117,2011,1.531615925058548,45.63387978142077,5.07416081186573,24900.0,155785.0
1117,2015,1.522397476340694,46.87634069400631,1.9558359621451102,28800.0,167116.0
1117,2019,1.5289256198347108,48.79988193624557,1.8890200708382525,31000.0,176359.0
1125,2007,1.5489795918367346,43.64625850340136,2.9931972789115644,18900.0,140950.0
1125,2011,1.5347269049224546,43.940660822656774,5.731625084288605,16000.0,162036.0
12000,2007,1.5168125520268396,47.33905103044674,3.465933456095654,18300.0,4072356.0
12000,2011,1.507574370709382,48.35711670480549,6.9588100686498855,15000.0,4352004.0
12000,2015,1.5131456922934248,50.42750162292497,3.347862375962163,18000.0,4406767.0
12000,2019,1.5103125340302734,51.61842535119242,2.1714036807143637,22000.0,4585133.0
12001,2007,1.5205152671755726,42.583492366412216,2.6240458015267176,18000.0,203729.0
12001,2011,1.5428816466552315,43.74656946826758,4.802744425385934,17200.0,212295.0
12001,2015,1.5315161839863713,42.9778534923339,2.6405451448040886,18000.0,220876.0
12001,2019,1.5354330708661417,43.76640419947507,2.3622047244094486,22000.0,229084.0
12005,2007,1.5150159744408946,47.322683706070286,3.0670926517571884,23500.0,131897.0
12005,2011,1.5061391541609823,48.94542974079127,5.5934515688949515,20000.0,138823.0
12009,2007,1.5246295554665599,51.0152182619143,3.5442531037244693,22625.0,452291.0
12009,2011,1.5155658392932267,52.13525452250736,6.689103912494741,20500.0,459062.0
12009,2015,1.5157642965862144,53.542944118286584,2.5440313111545985,22600.0,483078.0
12009,2019,1.5138662316476346,54.992455138662315,2.0187601957585644,28300.0,512032.0
12011,2007,1.5277716308917901,47.509183447665414,3.6512502766098693,24000.0,1419359.0
12011,2011,1.526234023020973,48.08396299696349,7.485347080008474,20410.0,1459364.0
12011,2015,1.522311942201445,48.990012749681256,4.249893752656184,23500.0,1559357.0
12011,2019,1.5232353148579085,50.30011987871095,2.820675551794655,28600.0,1609753.0
12015,2007,1.5177809388335703,57.04765291607397,3.058321479374111,21150.0,133001.0
12015,2011,1.5292598967297764,56.86833046471601,5.593803786574871,18800.0,142530.0
12015,2015,1.5150130548302871,60.909921671018274,1.95822454308094,22000.0,155320.0
12015,2019,1.4937286202964652,59.85689851767389,1.5393386545039909,25450.0,170348.0
12017,2015,1.5251544571932922,57.632833186231245,3.265666372462489,18600.0,123988.0
12017,2019,1.5288239815526519,60.464258262874715,1.9984627209838586,21800.0,132006.0
12019,2007,1.526797385620915,46.59542483660131,3.3333333333333335,24850.0,144909.0
12019,2011,1.5341914722445695,47.58326629123089,6.838294448913917,21000.0,153052.0
12019,2015,1.5257410296411857,50.753510140405616,4.05616224648986,22850.0,163913.0
12019,2019,1.5222222222222221,49.09583333333333,2.5,28100.0,178012.0
12021,2007,1.5133508837908989,54.05866867243324,2.933433621662279,28600.0,262354.0
12021,2011,1.5327903986283755,54.844834976425204,4.843549078439778,22900.0,276158.0
12021,2015,1.5062026188835287,56.026878015161955,1.8952446588559615,26000.0,305029.0
12021,2019,1.5235099337748343,58.230132450331126,1.1920529801324504,32000.0,330746.0
12031,2015,1.5275922160906186,47.417804240487946,3.7757769387162363,24000.0,737838.0
12031,2019,1.5278344902681367,48.47502381924595,2.803865523342861,26500.0,774058.0
12033,2007,1.5049205147615443,45.487887963663894,4.655563966691901,18850.0,250396.0
12033,2011,1.500879352796342,47.84171649665846,5.768554344002814,17000.0,246580.0
12033,2015,1.5187637969094923,48.97902869757174,3.384841795437822,21050.0,257939.0
12033,2019,1.5202037351443123,49.38709677419355,2.5806451612903225,24400.0,261965.0
12053,2007,1.530027932960894,53.622206703910614,3.35195530726257,20052.0,141222.0
12053,2011,1.535450516986706,54.994091580502214,7.016248153618906,18000.0,146662.0
12053,2015,1.527810650887574,56.387573964497044,3.5502958579881656,19850.0,152385.0
12053,2019,1.5315649867374006,55.09867374005305,2.59946949602122,22000.0,163900.0
12057,2007,1.5274047547995624,45.73629762260022,4.0584900029841835,24000.0,932014.0
12057,2011,1.5298450596901194,45.98569130471594,6.510879688426044,20000.0,1023118.0
12057,2015,1.5245845760545378,46.76438005965062,4.022155943757989,23000.0,1090907.0
12057,2019,1.518675455116133,48.0258160703076,2.605147520401758,28000.0,1200311.0
12061,2015,1.5318559556786704,57.63342566943675,3.32409972299169,25400.0,126456.0
12061,2019,1.5427910562837317,60.01542020046261,1.7733230531996915,30000.0,140847.0
12069,2007,1.5134537412458533,51.95208256542573,2.469590858827866,21800.0,253708.0
12069,2011,1.5195007800312013,53.06708268330733,5.61622464898596,19100.0,249770.0
12071,2007,1.5168745414526779,52.47835656639765,3.319882611885547,24500.0,485787.0
12071,2011,1.517579250720461,53.53909702209414,6.532180595581172,20000.0,530161.0
12071,2015,1.5249675745784694,54.317769130998705,2.821011673151751,24000.0,594674.0
12071,2019,1.5188792328438718,56.29577464788732,1.977824393167516,30000.0,659300.0
12073,2015,1.5410551368504561,43.95398651328838,4.760015866719556,21000.0,241132.0
12073,2019,1.5415754923413567,44.93216630196937,3.683442742523705,26500.0,247750.0
12081,2007,1.529494382022472,52.55161516853933,2.9494382022471908,24000.0,258234.0
12081,2011,1.5258937520882059,52.55663214166388,6.548613431339794,20000.0,271915.0
12081,2015,1.5287206266318538,54.36912532637076,3.0026109660574414,22900.0,307049.0
12081,2019,1.524554269627776,55.14607444479199,2.283390678761339,29800.0,343747.0
12083,2007,1.5336232853797256,53.83405821344932,3.1448645031783204,19000.0,271738.0
12083,2011,1.528686946476704,51.63226800154024,7.162110127069695,15500.0,282493.0
12083,2015,1.5297670405522001,54.06816220880069,3.4081104400345126,18850.0,290375.0
12083,2019,1.5289936401047513,55.641975308641975,2.3943135054246163,21900.0,310032.0
12085,2007,1.5242647058823529,54.66323529411765,3.6764705882352944,25000.0,118042.0
12085,2011,1.4922752808988764,54.174157303370784,5.337078651685393,21400.0,127644.0
12085,2015,1.5134730538922156,55.81736526946108,2.095808383233533,24000.0,134190.0
12085,2019,1.5067043048694424,57.25546930134086,1.4114326040931546,30000.0,137588.0
12091,2007,1.5039322444041137,47.569267997580155,2.8433151845130067,25000.0,146190.0
12091,2011,1.4988571428571429,47.61828571428571,4.114285714285714,22000.0,149821.0
12091,2015,1.4903189066059226,47.978359908883824,3.2460136674259683,24200.0,161148.0
12091,2019,1.4992232004142931,48.89798032107716,1.7607457276022784,28600.0,171445.0
12095,2007,1.5131850493006191,43.59000229305205,3.8981884888786977,22000.0,845430.0
12095,2011,1.5117732861012712,45.08564284225881,7.095228172535944,18000.0,944655.0
12095,2015,1.5189589409916984,45.11532420910927,3.7693515817814673,20150.0,1046141.0
12095,2019,1.5182926829268293,46.105370132648694,2.471116816431322,25000.0,1137359.0
12097,2007,1.5228863758750673,44.295099623047925,3.12331717824448,20000.0,200041.0
12097,2011,1.5194723618090453,46.086683417085425,7.788944723618091,16000.0,217797.0
12097,2015,1.516164994425864,47.280936454849495,4.3478260869565215,18000.0,258406.0
12097,2019,1.5235173824130879,47.70040899795501,2.505112474437628,21600.0,301494.0
12099,2007,1.5266821345707657,51.47400532783364,3.0592076995789292,25000.0,1047164.0
12099,2011,1.5290292251038158,51.065815247198934,6.800908877223224,21000.0,1112879.0
12099,2015,1.5355885504362468,52.62941986836063,3.4976274299709167,25000.0,1196612.0
12099,2019,1.527517866352317,54.156708170632875,2.6449568997274,30000.0,1263630.0
12101,2007,1.5284896740482707,51.03956208011943,3.5829808410052255,21000.0,382090.0
12101,2011,1.528918692372171,51.56440346465493,6.845487566359318,18000.0,385623.0
12101,2015,1.5224685440383463,52.84621529858199,3.5749950069902137,21600.0,415427.0
12101,2019,1.5209186398433328,53.43243724408047,2.1007655332027775,25000.0,461711.0
12103,2007,1.5359056806002143,52.13266642848637,2.870072644992259,24000.0,780196.0
12103,2011,1.5333945141225656,52.811971041093095,5.842765371673295,21200.0,784675.0
12103,2015,1.5322879233366002,53.29042796471741,2.8966568659479472,25000.0,816830.0
12103,2019,1.5247756933115824,54.54475938009788,2.2940456769983686,29800.0,845863.0
12105,2007,1.5170392085012825,49.631183583730305,3.810919750824478,20000.0,460687.0
12105,2011,1.5208678065820922,49.780106637249496,6.471777900349329,17000.0,492517.0
12105,2015,1.526387702818104,50.64150298889838,3.6891545687446623,19600.0,528456.0
12105,2019,1.5207743153918791,51.42524394082468,2.4079320113314444,22900.0,593905.0
12109,2007,1.5169385194479297,48.81618569636135,3.0740276035131746,25000.0,145758.0
12109,2011,1.5180824222035323,50.37005887300252,3.7846930193439863,24000.0,159750.0
12111,2007,1.523852385238524,50.41449144914491,4.5004500450045,21000.0,210999.0
12111,2011,1.5261382799325465,52.906127037661605,7.982012366498033,18100.0,228968.0
12111,2015,1.5322862129144852,54.7283304246655,3.955788248981966,20000.0,247763.0
12111,2019,1.5249101181304572,54.73497688751926,2.5680534155110424,25000.0,277302.0
12113,2007,1.5054347826086956,46.12577639751553,4.3478260869565215,20000.0,118592.0
12113,2011,1.4961059190031152,47.4493769470405,4.439252336448598,20000.0,124519.0
12113,2015,1.4828411811652036,48.58339984038308,3.35195530726257,20000.0,136023.0
12113,2019,1.4806201550387597,49.627906976744185,2.1846370683579983,25000.0,150375.0
12115,2007,1.5428041346408694,55.485820302146834,2.8359395706334483,25300.0,323581.0
12115,2011,1.5342978298827639,57.04040907957096,5.263157894736842,22100.0,332773.0
12115,2015,1.5425330812854443,58.37132055090467,2.3764515257899,27600.0,357896.0
12115,2019,1.5309691522953608,59.81321350497935,1.6273985912071898,31900.0,384694.0
12117,2007,1.52414398595259,45.95258999122037,3.5411179397131987,26000.0,332993.0
12117,2011,1.5284750337381916,47.35708502024291,6.612685560053981,21300.0,348162.0
12117,2015,1.5325714285714285,48.79942857142857,3.742857142857143,25000.0,371288.0
12117,2019,1.5343587199206152,48.018853882411314,2.5055817415033492,30000.0,390828.0
12127,2007,1.5328415040456926,51.03212755830557,3.450737743931461,20000.0,417911.0
12127,2011,1.5257972517500649,53.362198599948144,6.092818252527872,17600.0,419900.0
13000,2007,1.5265135169437747,46.114938443964974,3.7542835385201165,18000.0,3694061.0
13000,2011,1.5221569070766447,47.178340492878135,6.111236717160298,15100.0,3913290.0
13000,2015,1.5216436504919972,47.759217027746104,3.802947759618227,19200.0,4470736.0
13000,2019,1.5173255742975156,48.75530551203532,2.7041325004578103,24000.0,4640198.0
13015,2015,1.5278969957081545,47.587982832618025,3.004291845493562,20700.0,81064.0
13015,2019,1.50253807106599,48.15989847715736,2.4111675126903553,24000.0,86149.0
13021,2007,1.555923777961889,47.15990057995029,4.391052195526098,15000.0,120969.0
13021,2011,1.5440976933514248,47.412483039348714,6.1736770691994565,12000.0,123267.0
13021,2015,1.5641769398114576,47.640319071791154,4.060913705583756,15600.0,121967.0
13021,2019,1.5632530120481927,48.51882530120482,3.91566265060241,18000.0,121781.0
13045,2015,1.5157766990291262,44.97330097087379,7.038834951456311,16900.0,92516.0
13045,2019,1.5193798449612403,46.753045404208194,3.322259136212625,20000.0,97098.0
13051,2007,1.542389687654933,46.11105602379772,3.1730292513634106,20600.0,194529.0
13051,2011,1.535926955140929,45.181024215958715,5.994442238983724,16200.0,221091.0
13051,2015,1.5263588067020841,46.51736820596649,5.271761340416837,20000.0,232520.0
13051,2019,1.530775379696243,48.611111111111114,3.117505995203837,24000.0,239183.0
13057,2007,1.5179190751445086,43.53815028901734,3.121387283236994,26000.0,153937.0
13057,2011,1.5258064516129033,45.976612903225806,5.403225806451613,25000.0,168617.0
13057,2015,1.5123367198838897,46.80624092888244,2.1770682148040637,28350.0,186795.0
13057,2019,1.5150620200826934,48.551683402244535,1.831069108092144,32000.0,207347.0
13059,2015,1.5576576576576577,40.02072072072072,3.6036036036036037,12000.0,104443.0
13059,2019,1.5380753138075314,40.92887029288703,2.1757322175732217,19800.0,107762.0
13063,2007,1.5410029498525073,42.39646017699115,6.1356932153392325,21000.0,203266.0
13063,2011,1.5471014492753623,44.45048309178744,10.748792270531402,15000.0,197994.0
13063,2015,1.537506745817593,43.99784133837021,5.774419859686994,17100.0,209065.0
13063,2019,1.5601825442099257,46.394751853964635,3.650884198516828,21000.0,224439.0
13067,2007,1.5245522819179664,43.383593298671286,3.73579818987098,28900.0,537489.0
13067,2011,1.5188871296086859,45.99954761366207,6.831033702782176,24000.0,550126.0
13067,2015,1.5217638152914459,46.40613171839516,3.6146858440575325,29000.0,588770.0
13067,2019,1.5200206221000172,46.938649252448876,2.3028011685856677,35000.0,614836.0
13073,2015,1.527683615819209,46.78983050847457,2.3728813559322033,26400.0,113299.0
13073,2019,1.521097046413502,47.54113924050633,1.7932489451476792,34940.0,124950.0
13077,2015,1.5122428991185113,48.02154750244858,3.232125367286973,26500.0,109571.0
13077,2019,1.535173642030276,48.65449688334817,1.2466607301869992,32300.0,118578.0
13089,2007,1.545907189802828,43.9892451702848,5.337582154949214,25000.0,588503.0
13089,2011,1.5432738437919784,45.41853770869315,8.059873344847437,20400.0,558612.0
13097,2015,1.5070093457943925,45.41004672897196,5.14018691588785,23000.0,109496.0
13097,2019,1.5468384074941453,48.121779859484775,3.51288056206089,25000.0,115921.0
13113,2015,1.5188781014023733,50.060409924487594,1.9417475728155338,31300.0,91053.0
13113,2019,1.5125482625482625,51.5,1.2548262548262548,35000.0,93993.0
13117,2015,1.51735615786971,47.23204945316215,3.233475986685687,31800.0,162422.0
13117,2019,1.5160642570281124,46.66706827309237,1.887550200803213,38295.0,190401.0
13121,2007,1.5409886398526251,43.37626650291679,4.482652747927541,26700.0,780547.0
13121,2011,1.5315315315315314,44.1910531220876,7.548928238583411,20000.0,761266.0
13135,2007,1.5185120502968914,42.60705553615089,4.016765630457562,27000.0,589742.0
13135,2011,1.5170756387553757,44.2226157348849,7.007336200354161,20220.0,628455.0
13135,2015,1.5292109256449165,45.27314112291351,3.9074355083459786,24500.0,690706.0
13135,2019,1.5128390596745027,46.47558770343581,2.206148282097649,29850.0,733547.0
13139,2007,1.509933774834437,44.61442236938926,3.090507726269316,22000.0,136490.0
13139,2011,1.5150528885272578,46.43856794141578,6.183889340927584,20000.0,140102.0
13139,2015,1.5277608297742526,47.1921903599756,2.684563758389262,21000.0,151797.0
13139,2019,1.5293150684931507,47.893150684931506,2.5205479452054798,26800.0,163133.0
13151,2007,1.5245901639344261,43.017704918032784,4.065573770491803,27000.0,138353.0
13151,2011,1.5513100436681222,45.603711790393014,7.641921397379912,22650.0,159528.0
13151,2015,1.5293103448275862,45.86810344827586,3.706896551724138,23000.0,172355.0
13151,2019,1.5359032501889645,48.2260015117158,2.6455026455026456,30000.0,187566.0
13185,2015,1.5143171806167401,45.53193832599119,3.9647577092511015,15750.0,89103.0
13185,2019,1.5434047350620068,46.529875986471254,2.593010146561443,24000.0,92621.0
13215,2007,1.5214521452145215,45.456765676567656,4.488448844884489,20000.0,143772.0
13215,2011,1.5233874938453964,45.590349581486954,6.696208764155588,15300.0,153897.0
13223,2015,1.525179856115108,44.86810551558753,3.477218225419664,25000.0,118403.0
13223,2019,1.5088633993743483,45.34202294056308,2.815432742440042,28500.0,133207.0
13245,2007,1.544336569579288,44.7126213592233,4.724919093851133,16200.0,155929.0
13245,2011,1.5217136150234742,45.360915492957744,7.570422535211267,14000.0,160021.0
13245,2015,1.505276225946617,46.72501551831161,4.0968342644320295,17800.0,161733.0
13245,2019,1.5085281111813014,48.32469993682881,2.5268477574226154,20000.0,163893.0
13313,2015,1.5178571428571428,47.2967032967033,2.60989010989011,20000.0,80860.0
13313,2019,1.5278450363196125,48.9636803874092,1.937046004842615,22950.0,82072.0
15000,2007,1.5031518624641833,48.34957020057307,2.8080229226361033,24900.0,168538.0
15000,2011,1.5168884339815762,49.84595701125895,5.885363357215967,24000.0,182634.0
15000,2015,1.5035211267605635,49.30533199195171,2.162977867203219,29502.0,192653.0
15000,2019,1.5179746835443038,51.93620253164557,2.1772151898734178,30900.0,195933.0
15001,2007,1.5224514563106797,47.966626213592235,2.8519417475728157,22000.0,140402.0
15001,2011,1.5123376623376623,49.92272727272727,6.298701298701298,18052.0,151703.0
15001,2015,1.5059151009046625,50.93597773138483,3.6186499652052886,24000.0,158718.0
15001,2019,1.5154577883472058,50.75208085612366,3.388822829964328,25000.0,165499.0
15003,2007,1.5106785617734524,47.0279805352798,2.4871586915382533,26300.0,742501.0
15003,2011,1.5017392347367158,46.98272759985606,3.3825116948542644,23900.0,787663.0
15003,2015,1.4981390322967942,47.14251410733581,2.617361027734422,27800.0,813841.0
15003,2019,1.50412833215381,49.36683179995282,1.958008964378391,32000.0,801524.0
16000,2007,1.5172160274476167,47.086141404239676,2.9898296777355715,18700.0,736261.0
16000,2011,1.5076906528987846,47.83543078412391,4.754221791975906,17500.0,769027.0
16000,2015,1.5055001279099514,47.92905261362667,2.762854950115119,20000.0,1215074.0
16000,2019,1.4993038366336633,48.799118193069305,2.0498143564356437,24400.0,1326698.0
16001,2007,1.5120833333333332,44.07958333333333,3.2916666666666665,24400.0,287362.0
16001,2011,1.511089681774349,45.907425265188046,6.364513018322084,21500.0,312598.0
16019,2015,1.5085574572127138,47.19804400977995,2.2004889975550124,20000.0,80581.0
16019,2019,1.5133689839572193,46.42994652406417,1.1764705882352942,25500.0,88814.0
16027,2007,1.5126737530662306,44.97710547833197,3.2706459525756335,19800.0,130226.0
16027,2011,1.5191364082433758,45.9342492639843,8.537782139352307,14310.0,140978.0
17000,2007,1.5193508114856429,47.12222426884427,4.087104234461022,21600.0,4067885.0
17000,2011,1.5123877329732605,48.35874301847419,5.431780519241392,20000.0,4135521.0
17000,2015,1.5031036623215395,49.79298572315332,3.4416166632181526,22000.0,1997718.0
17000,2019,1.504387456635603,51.17070267328753,2.452214135092851,25200.0,1965466.0
17019,2007,1.5088691796008868,42.02549889135255,3.270509977827051,20000.0,159904.0
17019,2011,1.516931216931217,41.72962962962963,5.502645502645502,18000.0,169631.0
17019,2015,1.5028801843317972,41.755760368663594,1.8433179723502304,20000.0,174384.0
17019,2019,1.506545247581104,43.16903813318156,2.1627774615822424,24000.0,178087.0
17031,2007,1.5326433121019107,45.23982661004954,4.912715263033735,22500.0,4186711.0
17031,2011,1.531668455844963,45.83561218147918,7.763150460477992,20000.0,4203190.0
17031,2015,1.526887469398092,46.22151560345555,4.741536989616455,23300.0,4254766.0
17031,2019,1.5231922808649152,47.493954894210646,3.19111834457103,30000.0,4221483.0
17037,2015,1.5029036004645762,44.82346109175378,4.413472706155633,24004.0,85941.0
17037,2019,1.503901895206243,46.2876254180602,3.121516164994426,30000.0,85158.0
17043,2007,1.5179382735390883,45.67538774870751,3.1803227322575593,30000.0,734976.0
17043,2011,1.5263066504601492,47.17277305087689,5.7822538635179725,27000.0,738583.0
17043,2015,1.5185135677048522,47.463841732388715,3.194760058815666,30000.0,756083.0
17043,2019,1.5176002055498459,48.817831449126416,1.9270298047276466,39200.0,754177.0
17089,2015,1.5068722762319813,46.22326516929266,3.754609453570231,26100.0,413454.0
17089,2019,1.5085945399393326,48.43073811931244,2.3592854735422986,31500.0,424903.0
17091,2007,1.5142576204523108,46.561455260570305,3.44149459193707,20000.0,85996.0
17091,2011,1.4986123959296946,47.45050878815911,5.920444033302498,18700.0,90386.0
17091,2015,1.501446480231437,48.54387656702025,3.664416586306654,20000.0,89607.0
17091,2019,1.5167844522968197,48.70406360424028,2.2968197879858656,25000.0,89697.0
17097,2007,1.5095905569900405,44.80265584655109,3.707119144227222,30000.0,547426.0
17097,2011,1.512753774076002,45.755856324830816,6.524379663369773,25000.0,552199.0
17097,2015,1.514538093485462,47.281192491718805,3.790945896209054,30000.0,562499.0
17097,2019,1.512392039053699,49.115846789335336,2.5535110777318812,36000.0,562512.0
17099,2007,1.5204819277108435,49.29638554216867,4.417670682730924,21004.0,91695.0
17099,2011,1.508029197080292,49.57956204379562,5.547445255474453,20000.0,92957.0
17099,2015,1.4856477889837083,49.332816136539954,3.491078355314197,23200.0,91288.0
17099,2019,1.4973821989528795,50.482423335826475,2.9169783096484667,27200.0,90209.0
17111,2015,1.5044722719141324,47.022808586762075,2.6833631484794274,30000.0,246729.0
17111,2019,1.4983221476510067,48.8880033557047,2.6426174496644297,35600.0,250014.0
17113,2007,1.5389740173217854,44.05396402398401,3.1312458361092603,23600.0,133018.0
17113,2011,1.5298416565164434,43.850791717417785,3.714981729598051,23450.0,139210.0
17113,2015,1.4984247006931317,44.60617517328292,2.6465028355387523,27000.0,142450.0
17113,2019,1.4975520195838434,45.260709914320685,1.8971848225214198,30000.0,140971.0
17115,2007,1.5274930102516309,47.85274930102516,3.4482758620689653,21000.0,87622.0
17115,2011,1.51931330472103,48.78025751072961,6.266094420600858,21400.0,90298.0
17115,2015,1.5074487895716946,49.50931098696462,3.35195530726257,21000.0,89116.0
17115,2019,1.5266544117647058,51.829963235294116,2.297794117647059,30000.0,84689.0
17119,2015,1.541193882585101,48.32412432165762,3.6013813517513564,24000.0,218458.0
17119,2019,1.5172759138708063,49.25037556334502,1.9529293940911365,30000.0,216049.0
17143,2015,1.5049875311720697,47.93079800498753,4.114713216957606,24000.0,149883.0
17143,2019,1.512788521522146,48.587648159700564,3.3063006862133504,26000.0,144005.0
17161,2015,1.5206677265500794,50.067567567567565,3.5771065182829886,24000.0,118629.0
17161,2019,1.5161775771256585,51.20240782543266,2.3325808878856282,28020.0,115748.0
17163,2015,1.5387387387387388,49.369369369369366,4.624624624624625,24000.0,211171.0
17163,2019,1.527127003699137,49.94574599260173,2.527743526510481,26400.0,210474.0
17167,2015,1.5289658906334596,47.77639415268002,3.086085544125609,26000.0,161838.0
17167,2019,1.536338028169014,51.53746478873239,2.591549295774648,34000.0,159190.0
17179,2007,1.5144766146993318,47.38604305864885,3.11804008908686,24500.0,105523.0
17179,2011,1.5139412207987943,49.65109269027882,3.6925395629238884,23900.0,109712.0
17179,2015,1.5073051948051948,48.47727272727273,2.1103896103896105,26140.0,108885.0
17179,2019,1.504566210045662,50.99847792998478,2.207001522070015,30000.0,107284.0
17197,2015,1.5113589425857084,46.88992152003304,3.717472118959108,27000.0,540840.0
17197,2019,1.5085579382254575,47.95022624434389,2.0460358056265986,32230.0,553735.0
18000,2007,1.5165990876837303,46.86768246325393,3.6302584896097314,21000.0,2793286.0
18000,2011,1.5131433144545678,47.73805712878601,5.1372814577690225,19300.0,2885980.0
18000,2015,1.5149097668654636,48.93412593912168,2.796065370614205,22000.0,2238571.0
18000,2019,1.5090063044130893,49.753227259081356,1.8688081657160012,26400.0,2273481.0
18003,2007,1.5279411764705881,45.564338235294116,3.566176470588235,23000.0,272828.0
18003,2011,1.522562866000689,46.177402686875645,7.165001722356183,20000.0,279141.0
18003,2015,1.518569940992711,47.77438389448108,3.4015966678236724,24000.0,288386.0
18003,2019,1.5220564900031737,47.6759758806728,2.348460806093304,27200.0,298501.0
18019,2015,1.51335656213705,50.419279907084785,3.1358885017421603,25400.0,92501.0
18019,2019,1.4959816303099884,49.785304247990815,2.525832376578645,28000.0,96011.0
18035,2007,1.5197238658777121,45.468441814595664,5.325443786982249,17950.0,94394.0
18035,2011,1.5528978840846366,45.67801287948482,6.071757129714812,15800.0,99032.0
18035,2015,1.531853281853282,44.946911196911195,4.1505791505791505,14400.0,97739.0
18035,2019,1.5209003215434083,45.11361200428725,3.322615219721329,20000.0,97508.0
18039,2007,1.5236686390532543,45.41863905325444,4.807692307692308,20600.0,150331.0
18039,2011,1.5355575065847233,46.832309043020196,6.4969271290605795,18300.0,150940.0
18039,2015,1.5238095238095237,47.83968253968254,2.5396825396825395,21605.0,156491.0
18039,2019,1.5107361963190185,49.841257668711656,1.763803680981595,28050.0,159082.0
18063,2015,1.5061590145576709,46.74356103023516,2.127659574468085,31800.0,124350.0
18063,2019,1.5124045801526718,47.840648854961835,1.717557251908397,35000.0,135827.0
18081,2007,1.5150093808630394,44.95497185741088,2.1575984990619137,24000.0,106837.0
18081,2011,1.5011441647597255,46.52288329519451,5.034324942791762,23000.0,111352.0
18081,2015,1.5118110236220472,49.58830146231721,2.699662542182227,28800.0,118203.0
18081,2019,1.5114254624591947,47.900979325353646,1.958650707290533,30500.0,126050.0
18089,2007,1.5367916549196503,46.90273470538483,4.9619396673245,21000.0,385911.0
18089,2011,1.541294964028777,47.84604316546763,7.136690647482015,18000.0,392652.0
18089,2015,1.529712823429059,48.802672732442424,4.805231731589423,20200.0,391492.0
18089,2019,1.5290396779758482,49.9916618746406,3.421506612995975,25000.0,393123.0
18091,2007,1.4717348927875245,47.27680311890838,3.996101364522417,20300.0,88752.0
18091,2011,1.4613309352517985,47.2410071942446,5.845323741007194,16900.0,90080.0
18091,2015,1.445910290237467,48.91204925241865,3.518029903254178,19200.0,90598.0
18091,2019,1.4606334841628958,50.07782805429864,1.9004524886877827,24900.0,90873.0
18095,2015,1.5,48.534562211981566,3.9170506912442393,20000.0,106768.0
18095,2019,1.5060882800608828,49.55936073059361,2.5114155251141552,24040.0,106027.0
18097,2007,1.5282076079948421,45.13056092843327,4.642166344294004,23200.0,685242.0
18097,2011,1.5385979049153908,46.36615632554392,7.687348912167606,19100.0,718047.0
18097,2015,1.5238095238095237,46.71653796653796,4.584942084942085,22000.0,739462.0
18097,2019,1.5281240012783637,46.605624800255676,3.0680728667305845,28000.0,763341.0
18105,2007,1.5196770938446014,39.86478304742684,2.6236125126135215,15600.0,110968.0
18105,2011,1.528110599078341,40.83594470046083,3.963133640552995,14000.0,121721.0
18105,2015,1.5084294587400178,39.898846495119784,4.525288376220053,14000.0,125421.0
18105,2019,1.5137777777777779,41.18933333333333,1.6888888888888887,18300.0,128811.0
18127,2007,1.537781350482315,46.592443729903536,3.376205787781351,24000.0,128213.0
18127,2011,1.5214669051878353,46.72182468694096,5.813953488372093,20000.0,134667.0
18127,2015,1.5089285714285714,49.03327922077922,3.3279220779220777,25650.5,136650.0
18127,2019,1.511861969805895,49.84687275341481,1.8691588785046727,30000.0,139707.0
18141,2007,1.524605828953655,45.28905876731964,3.678929765886288,19400.0,208382.0
18141,2011,1.5120772946859904,46.107890499194845,6.159420289855073,16800.0,213393.0
18141,2015,1.5176129299627021,46.57728968089515,3.108164111065064,20500.0,216056.0
18141,2019,1.5119735755573906,47.0990916597853,1.8992568125516103,22550.0,219781.0
18157,2015,1.4858156028368794,40.9709219858156,2.4113475177304964,19120.0,152601.0
18157,2019,1.4983755685510072,41.875893437296945,1.8193632228719947,22000.0,162067.0
18163,2015,1.5317241379310345,47.833103448275864,2.206896551724138,20130.0,148134.0
18163,2019,1.5098572399728076,47.97824609109449,2.7872195785180147,21800.0,148467.0
18167,2015,1.5048966267682264,44.19695321001088,5.44069640914037,14900.0,90787.0
18167,2019,1.5161987041036717,47.095032397408204,2.915766738660907,19000.0,89486.0
19000,2007,1.5147674674895306,49.0850782455367,2.556755565351554,21000.0,1504119.0
19000,2011,1.5124447908547676,50.061470511821256,3.632112236944661,21000.0,1515216.0
19000,2015,1.5094474791797259,49.89173457508731,2.2611265335363124,25000.0,1977870.0
19000,2019,1.501205030454406,50.331755838920294,1.8886113667236317,28400.0,1999641.0
19013,2007,1.5254437869822486,47.394082840236685,2.72189349112426,20000.0,103010.0
19013,2011,1.5383759733036708,46.5083426028921,4.671857619577309,21000.0,108147.0
19013,2015,1.5221729490022173,47.54434589800444,1.9955654101995564,22000.0,109838.0
19013,2019,1.5205327413984462,46.81465038845727,2.4417314095449503,27000.0,106905.0
19103,2007,1.528205128205128,39.815384615384616,1.282051282051282,21700.0,103910.0
19103,2011,1.5177398160315374,41.44152431011827,2.4967148488830486,20300.0,112618.0
19103,2015,1.5127551020408163,41.0344387755102,2.6785714285714284,24300.0,119199.0
19103,2019,1.5146886016451233,42.233842538190366,2.4676850763807283,30000.0,125694.0
19113,2007,1.5216752387950037,45.20646583394563,4.1880969875091845,25400.0,162430.0
19113,2011,1.5184577522559475,46.36833470057424,2.9532403609515994,26000.0,170201.0
19113,2015,1.5098193244304792,47.25137470542027,2.2780832678711707,27800.0,178258.0
19113,2019,1.5143472022955524,48.059540889526545,2.223816355810617,30000.0,183257.0
19153,2007,1.5270629991126885,44.98047914818101,3.23868677905945,27000.0,324671.0
19153,2011,1.5247225025227042,45.83299697275479,4.137235116044399,24025.0,343226.0
19163,2007,1.5072886297376094,47.22740524781341,2.2351797862001943,25000.0,128915.0
19163,2011,1.5185873605947955,47.55855018587361,3.62453531598513,22500.0,133499.0
19163,2015,1.515858208955224,48.33022388059702,2.425373134328358,25000.0,137579.0
19163,2019,1.513027852650494,48.699011680143755,1.9766397124887691,30400.0,138498.0
19193,2007,1.5126760563380282,48.35633802816901,3.8028169014084505,21000.0,78534.0
19193,2011,1.5071428571428571,46.121428571428574,3.8571428571428568,19600.0,79827.0
2000,2007,1.4767508610792193,42.720436280137775,7.175660160734787,22000.0,318679.0
2000,2011,1.474814991644784,42.678682263069945,7.4719503461446655,19600.0,333136.0
2000,2015,1.4640296662546353,44.63263288009889,6.798516687268233,22900.0,344494.0
2000,2019,1.4718086404686357,45.53258481815963,5.07688552599463,26060.0,350402.0
20000,2007,1.5131003092723347,47.72118807259147,2.748439050008753,20000.0,1527919.0
20000,2011,1.5126746562103055,48.583365549235104,4.1862263213121995,19900.0,1570519.0
20000,2015,1.5091781048453778,49.56446722892895,2.5632545063667935,22800.0,1629358.0
20000,2019,1.5027348777348777,49.74227799227799,1.8125268125268126,25215.0,1617301.0
20045,2015,1.4909638554216869,40.725903614457835,3.313253012048193,19340.0,99092.0
20045,2019,1.5425383542538353,41.99302649930265,2.789400278940028,21700.0,102894.0
20091,2007,1.5224405984159577,44.98122616603109,2.5814021707245525,32050.0,412401.0
20091,2011,1.5288555591783501,47.48549070753179,3.977828496902511,30000.0,434136.0
20091,2015,1.5255214050493964,47.38474204171241,1.920965971459934,37800.0,459630.0
20091,2019,1.5235920852359208,47.49467275494673,1.6489091831557583,41500.0,483236.0
20177,2007,1.5368150684931507,47.03595890410959,3.767123287671233,23000.0,139706.0
20177,2011,1.5443262411347518,48.88475177304964,3.9893617021276597,21000.0,141749.0
2020,2007,1.4931224209078404,42.31568088033012,3.782668500687758,28700.0,221104.0
2020,2011,1.4889455782312926,43.14710884353742,4.67687074829932,30000.0,232377.0
2020,2015,1.5081669691470054,43.099818511796734,3.176043557168784,30000.0,237457.0
2020,2019,1.4696132596685083,46.076427255985266,2.85451197053407,37300.0,228441.0
20209,2007,1.5242825607064017,45.11920529801324,6.070640176600441,18000.0,116963.0
20209,2011,1.5301837270341208,46.22659667541557,8.048993875765529,18000.0,120187.0
20209,2015,1.4955116696588868,46.192998204667866,4.039497307001795,21000.0,124459.0
20209,2019,1.5394352482960079,47.91236611489776,2.9211295034079843,24900.0,126229.0
21000,2007,1.5220382369410448,46.95904327653788,3.415726741860651,16800.0,2487637.0
21000,2011,1.5171588785046728,47.972224299065424,5.001869158878504,15400.0,2541122.0
21000,2015,1.5120431058747839,48.81671961076039,3.28923559451526,18000.0,2379775.0
21000,2019,1.5142174526084913,49.634067053109824,2.3969920100266333,20400.0,2399810.0
21015,2015,1.508891928864569,47.33515731874145,3.146374829001368,25100.0,99051.0
21015,2019,1.4974489795918366,48.96938775510204,0.8928571428571428,34400.0,105600.0
21067,2007,1.5074555074555074,43.821548821548824,2.0202020202020203,23000.0,228852.0
21067,2011,1.5164342629482073,44.11902390438247,4.681274900398407,18850.0,247418.0
21067,2015,1.5197342711996873,44.946463462289955,2.7745212973817894,22900.0,258508.0
21067,2019,1.502411575562701,46.154340836012864,2.3713826366559485,30000.0,266089.0
21111,2007,1.5379957614290038,47.09006963366637,3.633060853769301,23600.0,564163.0
21111,2011,1.5300872760679836,48.150053590568064,5.833716123105191,22000.0,604680.0
21111,2015,1.5296350364963505,49.043357664233575,2.905109489051095,26000.0,620331.0
21111,2019,1.52306168647425,49.34861346915676,2.447651386530843,32000.0,626040.0
21117,2007,1.521341463414634,43.8452743902439,3.7347560975609753,24000.0,125951.0
21117,2011,1.5368663594470047,47.56067588325653,3.9170506912442393,22000.0,126925.0
21117,2015,1.5104570100697134,47.804027885360185,3.4082106893880715,25000.0,130838.0
21117,2019,1.5379513633014001,48.454679439941046,1.694915254237288,29700.0,133914.0
21227,2015,1.505827505827506,42.96270396270396,4.545454545454546,16700.0,101263.0
21227,2019,1.5301478953356087,43.54721274175199,2.9579067121729237,20000.0,107450.0
22000,2007,1.5248841727693918,46.53934389478404,3.504707816469885,17000.0,2663145.0
22000,2011,1.5255193379496708,47.66927883803412,4.918088160783651,16400.0,2873925.0
22000,2015,1.5176065778889982,48.83559746179283,3.4319420859772993,18200.0,2163427.0
22000,2019,1.5169967219003997,49.98769590013023,2.5326687323184696,20300.0,2152014.0
22005,2015,1.5252032520325203,44.6520325203252,3.2520325203252036,27800.0,92345.0
22005,2019,1.5154471544715447,47.822764227642274,1.788617886178862,31000.0,97681.0
22017,2007,1.554022988505747,47.02758620689655,4.885057471264368,16500.0,196574.0
22017,2011,1.5524064171122995,49.02513368983957,4.27807486631016,16450.0,205710.0
22017,2015,1.5326268823201339,50.57334076965979,3.4021193530395983,18100.0,200854.0
22017,2019,1.540132770066385,51.41219070609535,2.836451418225709,20000.0,192455.0
22019,2007,1.5469897209985315,46.47797356828194,3.0837004405286343,17750.0,144626.0
22019,2011,1.5365126676602086,48.121460506706406,5.290611028315946,17000.0,153187.0
22033,2015,1.5172786177105833,46.05111591072714,4.319654427645788,22900.0,360655.0
22033,2019,1.5434071921540138,47.70577551761715,3.1965128950236106,24800.0,357320.0
22055,2015,1.5289655172413794,46.43586206896552,2.8275862068965516,21050.0,191873.0
22055,2019,1.5195417789757413,46.716981132075475,2.6954177897574128,25000.0,195738.0
22071,2015,1.5371779141104294,46.317546012269936,4.588957055214724,20200.0,321327.0
22071,2019,1.5388940955951265,47.908388003748826,3.584817244611059,26000.0,324754.0
22073,2007,1.5566502463054188,45.80295566502463,3.74384236453202,17000.0,118069.0
22073,2011,1.5301902398676592,46.11827956989247,5.2109181141439205,13800.0,121833.0
22073,2015,1.5166524338172502,47.19128949615713,4.269854824935952,15400.0,124257.0
22073,2019,1.5195246179966044,49.735993208828525,2.461799660441426,19200.0,120868.0
22079,2007,1.5421965317919075,47.58439306358382,3.236994219653179,18000.0,102342.0
22079,2011,1.5294685990338164,48.02608695652174,5.4106280193236715,15000.0,103264.0
22103,2015,1.5238663484486874,49.78579952267303,3.341288782816229,26000.0,201335.0
22103,2019,1.5205405405405406,51.01081081081081,1.5675675675675675,28450.0,209830.0
22105,2007,1.5366218236173392,46.95964125560538,2.5411061285500747,15300.0,90803.0
22105,2011,1.5360419397116645,46.07339449541284,7.470511140235911,15900.0,96133.0
22109,2007,1.5116918844566714,44.72627235213205,1.5130674002751032,15000.0,84787.0
22109,2011,1.4992319508448542,46.68356374807988,3.686635944700461,17800.0,87364.0
22109,2015,1.5080128205128205,48.07371794871795,2.083333333333333,18000.0,87015.0
22109,2019,1.5014367816091954,49.68247126436781,2.586206896551724,21600.0,88645.0
23000,2007,1.5226141767112684,49.17837000995245,3.439124184452062,19800.0,901870.0
23000,2011,1.5093918164280637,49.686262564727386,4.589298405929536,19100.0,918962.0
23000,2015,1.5110687931444895,51.75398714591764,3.213520590335634,21450.0,805885.0
23000,2019,1.5116279069767442,52.9483331423989,1.867338755871234,25500.0,819967.0
23001,2007,1.5249643366619114,46.2453637660485,4.850213980028531,21000.0,87885.0
23001,2011,1.4904632152588555,46.64577656675749,6.811989100817439,18450.0,87392.0
23001,2015,1.5303468208092486,48.01156069364162,1.8786127167630058,19450.0,86967.0
23001,2019,1.5,49.99713467048711,1.146131805157593,24800.0,88663.0
23011,2007,1.5289052890528905,48.20787207872079,3.198031980319803,21200.0,97470.0
23011,2011,1.5107296137339057,49.05472103004292,4.184549356223176,20220.0,102010.0
23011,2015,1.4882903981264637,50.61943793911007,2.3419203747072603,24560.0,102090.0
23011,2019,1.4978021978021978,51.40659340659341,1.7582417582417582,27950.0,104250.0
23019,2015,1.4948453608247423,47.97054491899853,2.945508100147275,18050.0,130125.0
23019,2019,1.5086083213773314,50.56599713055954,1.9368723098995695,24450.0,130404.0
24000,2007,1.522071552221581,47.35732833237161,3.2313906520484705,23300.0,592684.0
24000,2011,1.5132412204951065,48.46862406447899,5.138169257340241,22000.0,614883.0
24000,2015,1.5106868983520967,49.17131669114048,2.920541687061511,24100.0,542348.0
24000,2019,1.5108644677192433,50.69407534781929,2.4230107863060812,28500.0,548703.0
24003,2007,1.5148588410104011,45.29395740465577,2.8974739970282317,33000.0,407224.0
24003,2011,1.5078145016653857,47.57673584422239,3.894440174224955,32000.0,438645.0
24003,2015,1.5108946423993848,47.4560369136119,2.665983081261215,35000.0,458728.0
24003,2019,1.5082309297472756,48.39833062833295,2.2258288894041267,40000.0,471159.0
24005,2007,1.5376588021778583,47.32940108892922,3.297035692679976,30000.0,646183.0
24005,2011,1.5384721077219017,48.76971695520747,5.042594119263534,25500.0,664543.0
24005,2015,1.5382280676398323,48.43778002601532,3.194103194103194,29200.0,680894.0
24005,2019,1.528120912658044,50.155209998546724,2.4851039093155065,35000.0,679696.0
24013,2007,1.5065104166666667,46.02734375,2.278645833333333,29815.0,134994.0
24013,2011,1.512113055181696,47.26985195154778,3.835800807537012,28850.0,135145.0
24013,2015,1.5003154574132491,47.837223974763404,2.902208201892744,30800.0,138035.0
24013,2019,1.5096660808435853,49.45577035735208,1.6403046280023432,39000.0,138874.0
24015,2015,1.517426273458445,49.75067024128686,4.021447721179625,27850.0,82887.0
24015,2019,1.4908136482939633,50.24803149606299,1.574803149606299,31550.0,83808.0
24017,2007,1.5222993062438057,45.72447968285431,2.973240832507433,36000.0,107610.0
24017,2011,1.5265567765567765,46.35989010989011,5.21978021978022,33800.0,118287.0
24017,2015,1.5252784918594686,46.36418166238218,2.227934875749786,36000.0,125017.0
24017,2019,1.5242798353909466,48.58189300411522,2.633744855967078,42800.0,130829.0
24021,2007,1.5169082125603865,45.61137949543747,2.576489533011272,32000.0,176581.0
24021,2011,1.5236650485436893,45.75364077669903,5.097087378640777,30000.0,188118.0
24021,2015,1.5301614273576891,47.17119796091759,3.2710280373831773,33150.0,197332.0
24021,2019,1.5060194174757282,48.635728155339805,2.29126213592233,41200.0,209162.0
24025,2007,1.5173137460650576,46.077649527806926,2.413431269674711,32000.0,189447.0
24025,2011,1.5218045112781955,47.78446115288221,4.962406015037594,30100.0,198078.0
24025,2015,1.5241581259150805,49.02293801854563,2.2449975597852614,32700.0,204719.0
24025,2019,1.5223880597014925,50.18143656716418,1.6791044776119404,40000.0,209016.0
24027,2007,1.5167970547630005,45.27243442245743,2.1629084215370455,42000.0,216685.0
24027,2011,1.5097940733299848,46.08237066800603,3.566047212456052,40000.0,233118.0
24027,2015,1.5251989389920424,47.62953138815208,2.2988505747126435,46005.0,250952.0
24027,2019,1.5073068893528183,47.73068893528184,2.5052192066805845,52000.0,261586.0
24031,2007,1.5326464906632324,46.71152607855763,2.4597553122987765,40140.0,744594.0
24031,2011,1.5334149326805386,48.005752753977966,3.6719706242350063,39600.0,794461.0
24031,2015,1.5361646443016892,48.6395431834404,2.7242445871996193,41400.0,836354.0
24031,2019,1.5305735326935952,49.22785092613256,2.4213345235438517,48500.0,849333.0
24033,2007,1.5425723157378657,44.40790978918124,4.853734270305606,31000.0,661427.0
24033,2011,1.5358420374874804,45.15610244670196,6.209758191443697,28200.0,702200.0
24033,2015,1.5350758396533044,45.71939328277357,4.1711809317443125,30000.0,737537.0
24033,2019,1.5426059832695307,47.12562030341699,3.3602722245852825,35000.0,738911.0
24043,2007,1.5054624908958485,46.88929351784414,2.7676620538965766,22900.0,116865.0
24043,2011,1.4996628455832772,47.44639244774107,4.8550236008091705,20000.0,121614.0
24043,2015,1.4889763779527558,49.36535433070866,3.543307086614173,22000.0,123051.0
24043,2019,1.498121712997746,50.54996243425995,3.005259203606311,25400.0,123246.0
24510,2007,1.5618721461187215,46.18812785388128,5.114155251141553,18450.0,508611.0
24510,2011,1.5497883305724278,45.23394073256028,8.448371065709551,15800.0,506018.0
24510,2015,1.5521568627450981,45.12372549019608,4.529411764705882,20000.0,510104.0
24510,2019,1.5445458496305955,46.19708822251195,3.8461538461538463,25000.0,490821.0
25000,2007,1.5256260573280278,47.257976125235295,3.445400176320618,27400.0,4091965.0
25000,2011,1.5248821488926443,47.65629725162323,5.532331228319844,24800.0,4210475.0
25000,2015,1.5251114175510123,48.10162479764974,3.1876411455522913,28200.0,4882833.0
25000,2019,1.5202048292130952,48.814771485011796,2.3666596344527338,35000.0,4985110.0
25003,2015,1.5131810193321618,51.19800820152314,2.870533099004101,24000.0,110748.0
25003,2019,1.5129151291512914,52.241082410824106,1.968019680196802,26750.0,108234.0
25009,2007,1.5352282515073212,47.821877691645135,3.255813953488372,26250.0,591463.0
25009,2011,1.5326471040098326,47.42310646796743,5.868797050238132,24000.0,609160.0
25025,2007,1.5436579955636216,42.42851381326881,4.5775357935067555,22000.0,596827.0
25025,2011,1.5484330484330484,41.51962646407091,6.821779044001267,17525.0,622260.0
25025,2015,1.5203599881971084,41.212894659191505,4.190026556506344,21000.0,665730.0
25025,2019,1.5308552344997821,41.71017859735734,3.107303615507478,33000.0,693472.0
26000,2007,1.511413465634318,47.95364454133153,5.144203061965973,19000.0,2982663.0
26000,2011,1.502568450451349,49.236571742057755,6.463518029025985,17900.0,2989900.0
26000,2015,1.5032235581111693,50.880931637335195,3.2903525585177444,20600.0,2431265.0
26000,2019,1.4988808058198098,51.80366536094012,2.5209848908785677,24500.0,2443085.0
26005,2015,1.4883248730964467,48.81421319796954,1.5228426395939088,24000.0,90657.0
26005,2019,1.489795918367347,49.8109559613319,1.3963480128893664,29000.0,95867.0
26021,2007,1.5340050377833754,47.8948362720403,4.093198992443325,18390.0,127893.0
26021,2011,1.5347322720694645,50.95658465991317,6.367583212735166,19600.0,126513.0
26021,2015,1.536097212294496,50.227305218012866,3.8598999285203717,21000.0,125949.0
26021,2019,1.484653818700928,51.51891506067095,2.0699500356887937,27000.0,125095.0
26025,2007,1.5187601957585644,48.13784665579119,5.138662316476346,20000.0,107625.0
26025,2011,1.5181891673403396,50.043654001616815,6.952303961196443,18000.0,109402.0
26065,2015,1.512965582272513,43.05421970768506,3.818953323903819,20000.0,239304.0
26065,2019,1.5236518448438978,43.689214758751184,3.122043519394513,24000.0,245222.0
26075,2007,1.477291494632535,46.25763831544178,5.037159372419488,16230.0,132507.0
26075,2011,1.4649789029535865,47.05654008438819,5.738396624472574,15000.0,130531.0
26075,2015,1.4795180722891565,47.35502008032128,3.132530120481928,19600.0,130606.0
26075,2019,1.48757016840417,49.18203688853248,2.8067361668003206,21200.0,129760.0
26077,2015,1.5285631852279284,45.45701096364686,4.731679169070975,22000.0,212619.0
26077,2019,1.502239641657335,47.556550951847704,2.6875699888017914,25000.0,218107.0
26081,2007,1.5253468516542157,44.37459978655283,4.482390608324439,21000.0,467063.0
26081,2011,1.5169468173050427,45.0165334802976,6.172499311104987,20000.0,475634.0
26081,2015,1.527900552486188,45.76850828729282,3.0662983425414363,23000.0,505554.0
26081,2019,1.5177984665936473,46.67798466593647,2.3001095290251916,30000.0,525317.0
26093,2007,1.5,46.21965317919075,4.913294797687861,27950.0,147455.0
26093,2011,1.506367041198502,47.8,4.044943820224719,25000.0,146217.0
26093,2015,1.5135989879822898,48.97849462365591,2.846299810246679,30210.0,154653.0
26093,2019,1.5014594279042615,49.88674839462931,2.2183304144775247,36000.0,159624.0
26099,2007,1.5217779364512674,46.864334166369154,5.515887183148875,24000.0,671307.0
26099,2011,1.520419426048565,48.15562913907285,7.28476821192053,20000.0,686074.0
26099,2015,1.5093259464450601,48.719298245614034,3.6934441366574333,24000.0,714185.0
26099,2019,1.5078193639079247,49.95079950799508,2.8114566859954313,29250.0,724927.0
26115,2007,1.5124677558039552,45.710232158211525,4.987102321582116,22900.0,124625.0
26115,2011,1.5060240963855422,47.81325301204819,6.368330464716007,20800.0,122905.0
26115,2015,1.5170821791320406,49.335180055401665,3.508771929824561,25000.0,123056.0
26115,2019,1.4955516014234875,50.88256227758007,1.6903914590747333,28850.0,124258.0
26121,2007,1.512878787878788,46.71590909090909,6.212121212121212,18020.0,137962.0
26121,2011,1.4804063860667633,47.327285921625545,7.111756168359943,15650.0,137394.0
26121,2015,1.4908675799086757,48.60806697108067,3.576864535768645,18000.0,139203.0
26121,2019,1.5162509448223733,50.151927437641724,3.250188964474679,24000.0,142490.0
26125,2007,1.5222099175587547,46.58201058201058,4.3927648578811365,27700.0,968031.0
26125,2011,1.5218787158145066,48.095005945303214,6.385255648038051,25000.0,984242.0
26125,2015,1.518135931447353,48.46413898344876,2.9933090738349573,30000.0,1024609.0
26125,2019,1.5175467729436511,49.183106387689584,2.2915974759216207,36000.0,1046463.0
26139,2007,1.5116572148708254,43.23314429741651,3.276622558286074,21700.0,205777.0
26139,2011,1.5352313167259786,44.37366548042704,4.483985765124555,17820.0,210428.0
26139,2015,1.5340401785714286,45.517857142857146,2.232142857142857,23000.0,223529.0
26139,2019,1.5213541666666666,46.46145833333333,1.9791666666666665,26450.0,234543.0
26145,2007,1.5137278828553997,47.36424649176327,5.491153142159853,19200.0,163171.0
26145,2011,1.5121813031161473,48.32804532577904,6.572237960339944,17800.0,160979.0
26145,2015,1.5198511166253101,49.828163771712155,4.218362282878412,19250.0,158832.0
26145,2019,1.5146618791143027,49.983243566726514,2.5733093955715143,22000.0,157356.0
26147,2015,1.5165806927044951,50.97273397199705,3.5372144436256447,22300.0,131999.0
26147,2019,1.5115803814713897,50.27316076294278,2.997275204359673,26200.0,133968.0
26161,2007,1.532319391634981,43.17701732150401,3.929024081115336,25000.0,286902.0
26161,2011,1.5173237753882916,44.16447630426125,6.133014735165273,25500.0,290790.0
26161,2015,1.519123653917564,44.07500928332714,2.6735982176011883,27600.0,300880.0
26161,2019,1.5093738945879023,44.721613017332864,1.6625397948355147,33740.0,311622.0
26163,2007,1.5424524125719346,46.50438247011952,7.3041168658698545,18700.0,1554330.0
26163,2011,1.529823047043591,47.74648252050065,8.942598187311178,16000.0,1433419.0
26163,2015,1.5295166755840912,47.987158908507226,5.716069199215267,18000.0,1410614.0
26163,2019,1.524340770791075,48.96348884381339,3.494375806749032,24400.0,1406040.0
27000,2007,1.5005531606454812,47.99496433067562,3.074810208675085,22600.0,1832123.0
27000,2011,1.4954079830448606,49.34687389614977,3.9067467326033203,23000.0,1867091.0
27000,2015,1.4983304916169367,50.451797385620914,2.2556123898834897,26400.0,1845714.0
27000,2019,1.4945942247160258,51.5158409744081,1.659367729574381,30600.0,1878580.0
27003,2007,1.505079006772009,44.13374717832957,4.232505643340858,28595.0,259818.0
27003,2011,1.4839667458432304,44.976840855106886,5.878859857482185,26650.0,263178.0
27003,2015,1.487250554323725,47.006651884700666,2.6607538802660753,30000.0,276930.0
27003,2019,1.508686210640608,47.43539630836048,2.008686210640608,39000.0,285190.0
27037,2007,1.5066179826563213,44.33774532177088,3.0123231401186676,34600.0,304088.0
27037,2011,1.522205954123963,46.60517325524646,4.4411908247925815,31000.0,317931.0
27037,2015,1.5133239831697054,47.928471248246844,2.1505376344086025,35100.0,329804.0
27037,2019,1.5076507650765076,48.79207920792079,2.07020702070207,40000.0,343215.0
27053,2007,1.5212691771269178,44.97629009762901,4.393305439330543,29950.0,919701.0
27053,2011,1.5106526885356781,45.83090970578289,5.1065268853567805,27600.0,946733.0
27053,2015,1.5121055267991317,46.32342628151611,2.938720988478878,30000.0,998119.0
27053,2019,1.5093228655544653,46.70199542034675,2.2407589139679422,38700.0,1037194.0
27109,2007,1.526534859521332,46.49843912591051,1.352757544224766,29000.0,110069.0
27109,2011,1.5249204665959704,47.9745493107105,3.3934252386002126,30000.0,115056.0
27109,2015,1.4984293193717277,49.15497382198953,1.9895287958115182,30300.0,119270.0
27109,2019,1.4994954591321896,49.48738647830474,1.4127144298688195,40000.0,127045.0
27123,2007,1.5214085634253702,44.90276110444178,4.121648659463785,25000.0,399199.0
27123,2011,1.5140924464487036,44.819616685456594,5.3739195791056,20000.0,414646.0
27123,2015,1.5250092626898852,45.05446461652464,3.556872915894776,25000.0,431771.0
27123,2019,1.5133508837908989,46.60586686724332,2.331703647987965,30700.0,443546.0
27137,2007,1.4994487320837928,48.25303197353914,4.134509371554575,21100.0,165049.0
27137,2011,1.5028993147074328,49.22561939905113,5.113336847654191,19600.0,167674.0
27145,2015,1.5021613832853027,48.5036023054755,2.521613832853026,26550.0,124540.0
27145,2019,1.5007142857142857,48.589285714285715,2.214285714285714,31550.0,129837.0
27163,2007,1.5248425472358293,45.08467459762071,2.729181245626312,34000.0,176174.0
27163,2011,1.5025678650036685,47.01320616287601,4.181951577402788,27500.0,191161.0
27163,2015,1.4842186297151656,48.59507313317937,2.5404157043879905,36000.0,199906.0
27163,2019,1.4953604568165595,49.14204139900071,1.3561741613133478,40000.0,210084.0
27171,2015,1.4854721549636805,47.76876513317191,1.694915254237288,32200.0,98639.0
27171,2019,1.486842105263158,49.807416267942585,0.3588516746411483,38200.0,107121.0
28000,2007,1.5375549968573223,46.665566729520215,4.9601927508904256,14100.0,1832645.0
28000,2011,1.539119066773934,47.33764078841512,6.1946902654867255,13500.0,1846972.0
28000,2015,1.532018752114446,48.21598762747088,4.359383306751727,15600.0,1976487.0
28000,2019,1.5295466744742108,49.40667545015371,2.922949299760894,18500.0,1965952.0
28033,2007,1.5339285714285715,44.09107142857143,4.107142857142857,24850.0,113530.0
28033,2011,1.524008350730689,45.701461377870565,6.263048016701461,22950.0,125884.0
28033,2015,1.5259541984732825,46.325190839694656,4.122137404580153,25050.0,136349.0
28033,2019,1.5307142857142857,48.550714285714285,2.7142857142857144,27050.0,146655.0
28047,2007,1.4916805324459235,44.777870216306155,4.159733777038269,19250.0,139148.0
28047,2011,1.5285714285714285,46.8984962406015,4.962406015037594,19000.0,151896.0
28047,2015,1.5161725067385445,47.599730458221025,5.053908355795148,20000.0,160422.0
28047,2019,1.5182381280110118,50.61321403991741,2.752924982794219,23600.0,166915.0
28059,2007,1.51460221550856,46.051359516616316,3.826787512588117,18000.0,101759.0
28059,2011,1.5168661588683352,47.47007616974973,5.44069640914037,18500.0,110927.0
28059,2015,1.5221621621621622,49.37837837837838,3.2432432432432434,19000.0,113694.0
28059,2019,1.5186602870813397,49.94354066985646,3.6363636363636362,25000.0,116089.0
28121,2007,1.530631479736098,45.050895381715364,2.35626767200754,25100.0,108369.0
28121,2011,1.5055432372505544,45.3059866962306,3.6585365853658534,20000.0,113319.0
29000,2007,1.5198025619931836,47.68979903631449,3.560935480079915,18900.0,3062179.0
29000,2011,1.5103622759326047,48.2953921515853,5.003498950314905,17700.0,3167650.0
29000,2015,1.511822935508271,49.26707665997961,2.7460782056763247,20000.0,2585647.0
29000,2019,1.5058593133074323,49.825641997536245,1.929940933068006,22400.0,2623664.0
29019,2007,1.5176579925650557,41.18122676579926,3.3457249070631967,20600.0,125711.0
29019,2011,1.5302073940486924,40.69431920649234,3.3363390441839496,15100.0,136763.0
29019,2015,1.5193014705882353,41.75,1.9301470588235294,18050.0,145583.0
29019,2019,1.5458404074702887,42.769100169779286,1.6129032258064515,23050.0,149691.0
29071,2015,1.517385257301808,49.56050069541029,3.7552155771905427,22700.0,83550.0
29071,2019,1.5047361299052775,50.42895805142084,2.435723951285521,27700.0,85393.0
29095,2015,1.5331313131313131,47.92383838383839,3.05050505050505,25000.0,549064.0
29095,2019,1.5268712136017197,48.4250537424272,2.071526284932578,30000.0,566252.0
29099,2007,1.5255720053835802,45.28263795423957,4.037685060565275,25200.0,171831.0
29099,2011,1.506434519303558,46.73202119606359,5.753217259651779,21700.0,175374.0
29099,2015,1.507078507078507,47.96975546975547,4.504504504504505,23700.0,181370.0
29099,2019,1.505148005148005,48.186615186615185,2.2522522522522523,28700.0,183100.0
29183,2007,1.5150115473441108,44.61816782140108,2.117013086989992,30000.0,270937.0
29183,2011,1.5178412132024979,45.58251561106155,5.04014272970562,26950.0,289233.0
29183,2015,1.5250521920668059,46.64544189283229,2.3660403618649966,31200.0,309427.0
29183,2019,1.5066489361702127,48.73936170212766,1.5292553191489362,37000.0,326222.0
29189,2007,1.5393732970027247,47.21825613079019,3.801089918256131,24850.0,805726.0
29189,2011,1.541257934218119,48.72042700519331,5.251009809578766,22800.0,813199.0
29189,2015,1.542436974789916,49.384733893557424,2.9271708683473388,27490.0,821785.0
29189,2019,1.5349595802013898,50.996879875195006,1.7018862572684725,35000.0,814473.0
29510,2007,1.5340751043115437,44.79601298099212,6.768660176170608,16600.0,279418.0
29510,2011,1.5268429487179487,45.102964743589745,8.693910256410255,15000.0,260913.0
29510,2015,1.538200339558574,45.041595925297116,5.2207130730050935,20000.0,260563.0
29510,2019,1.5228471001757469,46.650263620386646,3.20738137082601,26000.0,253465.0
30000,2007,1.499004746593171,48.71704180064309,3.0010718113612005,19170.0,661262.0
30000,2011,1.5010103731644888,49.729893574026676,4.230095648659572,19600.0,695942.0
30000,2015,1.4953816237238697,50.3733592610598,2.369956246961595,22900.0,844503.0
30000,2019,1.501067775654715,51.16499943801281,1.9781948971563448,25000.0,879868.0
30111,2007,1.530612244897959,47.14852607709751,1.8140589569160999,23000.0,110246.0
30111,2011,1.515439429928741,48.6270783847981,4.038004750593824,22000.0,120613.0
31000,2007,1.5166220105190036,49.65862856008733,2.0541827924977674,20800.0,792723.0
31000,2011,1.5144661200640845,49.81726510225238,2.7235887286777873,21900.0,816715.0
31000,2015,1.5080757300246015,50.93721253610012,1.7221093165044392,24500.0,689778.0
31000,2019,1.5045747556664588,51.57444375129965,1.3308380120607195,27500.0,685628.0
31055,2007,1.525158404770779,44.75400670890794,2.795378307864331,24100.0,382407.0
31055,2011,1.5214683710258932,45.323172730252374,4.916420845624385,22900.0,410956.0
31055,2015,1.5153429602888087,45.96570397111913,2.135980746089049,27000.0,431092.0
31055,2019,1.5181331747919145,46.06212841854935,2.318668252080856,30700.0,447994.0
31109,2007,1.5015197568389058,43.58115501519757,2.7963525835866263,23000.0,216551.0
31109,2011,1.5101010101010102,43.30429292929293,4.356060606060606,20000.0,231908.0
31109,2015,1.4989047097480832,44.500547645125955,1.9715224534501645,25050.0,246463.0
31109,2019,1.4884769539078155,45.28456913827655,1.9539078156312624,29950.0,258485.0
31153,2015,1.500485908649174,44.89698736637512,1.6520894071914478,33250.0,133929.0
31153,2019,1.5121951219512195,45.81481481481482,1.4453477868112015,37900.0,144819.0
32000,2007,1.4911402157164868,49.14984591679507,3.5439137134052388,21850.0,260249.0
32000,2011,1.4787446504992867,48.72524964336662,6.447931526390869,18400.0,267217.0
32000,2015,1.4909344490934449,51.43828451882845,4.253835425383542,22400.0,269427.0
32000,2019,1.4896872920825017,52.2185628742515,2.4284763805721887,26200.0,284546.0
32003,2007,1.5043147380580282,44.765305429095605,3.805123326764966,25000.0,1426757.0
32003,2011,1.5113464447806355,46.82443955439417,8.183193508458258,20000.0,1562392.0
32003,2015,1.510740157480315,47.25341732283464,4.737007874015748,23000.0,1697246.0
32003,2019,1.5096093527231251,48.05360707157114,3.1023666951810664,27000.0,1833006.0
32031,2007,1.4990694789081886,46.30831265508685,2.946650124069479,27000.0,323054.0
32031,2011,1.4996941896024465,48.64036697247706,6.483180428134556,22150.0,342840.0
32031,2015,1.506966164344612,47.257890247369915,4.293431902189366,25000.0,364685.0
32031,2019,1.5085255767301906,48.41900702106319,2.933801404212638,31200.0,387146.0
33000,2007,1.5132510621080315,47.08678939915031,3.0548250050576575,26000.0,975026.0
33000,2011,1.5176324818909646,48.611990087685854,4.165078154784598,25000.0,987442.0
33000,2015,1.5121655554593472,49.57433544029786,2.51103991687592,28000.0,1118535.0
33000,2019,1.5171546011240669,50.54139753376395,1.7448200654307526,32800.0,1150229.0
33017,2007,1.5246589716684156,43.00314795383001,2.413431269674711,21500.0,99770.0
33017,2011,1.5415352260778128,44.74447949526814,4.6267087276550996,20000.0,103693.0
34000,2007,1.5300613496932516,46.612576687116565,3.9570552147239266,26785.0,282490.0
34000,2011,1.5299374441465594,46.84658921656241,7.089663389931486,25000.0,284875.0
34000,2015,1.5123144104803494,50.50882096069869,4.716157205240175,22800.0,484765.0
34000,2019,1.5083840058964437,52.292426755113325,2.7271052146674037,28800.0,467526.0
34001,2007,1.5339936965330931,48.44844664565511,4.547501125619091,24200.0,215038.0
34001,2011,1.5293859649122807,48.23114035087719,8.070175438596491,20100.0,223141.0
34003,2007,1.5282264039116906,48.086975848273816,2.83004889613276,32000.0,730701.0
34003,2011,1.5322367454839183,49.16566309296519,5.24306065501542,28600.0,746131.0
34003,2015,1.5234310770073993,48.57755549465607,3.096738832556865,32000.0,774892.0
34003,2019,1.5255571867075937,49.663819564927266,2.1353263045509143,41130.0,771007.0
34005,2007,1.5161290322580645,46.17937438905181,3.763440860215054,30000.0,362664.0
34005,2011,1.514487632508834,47.79811542991755,6.124852767962309,28300.0,366573.0
34005,2015,1.5165989968951517,48.435156436589445,4.227370432290423,30000.0,372579.0
34005,2019,1.5081237480525262,49.74004006231916,2.270198085911418,39000.0,371843.0
34007,2007,1.5253178674994423,45.3250055766228,4.751282623243363,23800.0,411964.0
34007,2011,1.5297839842897665,47.369408684267945,7.375081824132665,24000.0,412760.0
34007,2015,1.5295368620037808,48.07514177693762,4.253308128544423,28000.0,412137.0
34007,2019,1.5215477293790547,49.3482391102873,3.035217794253939,34000.0,412998.0
34009,2007,1.52324431256182,55.038575667655785,2.967359050445104,26120.0,81213.0
34009,2011,1.5260115606936415,54.24277456647399,6.473988439306358,25000.0,82819.0
34011,2007,1.486360612109115,45.699268130405855,4.790419161676647,18000.0,124162.0
34011,2011,1.4910216718266254,47.26934984520124,8.173374613003096,17600.0,124987.0
34013,2007,1.5350176481515883,45.7016533531488,4.347018391231655,23500.0,608830.0
34013,2011,1.5416534684827368,45.87519797275895,8.267342413683878,19200.0,625123.0
34013,2015,1.5266431332997141,46.79895780803496,5.278198016473357,22000.0,638215.0
34013,2019,1.5280421481985045,47.43949694085656,3.7729435757987764,28000.0,641314.0
34015,2015,1.5296012887635924,48.232782923882404,4.671768022553363,29700.0,236787.0
34015,2019,1.516491482421167,49.304095686843056,2.3196810438564697,35000.0,240792.0
34017,2007,1.53477846593616,43.363506431634114,4.597427346355407,22300.0,486236.0
34017,2011,1.5152079453755432,43.77881233188496,7.221187668115042,21100.0,531210.0
34017,2015,1.5070394994133751,43.281579976535,4.517012123582323,24000.0,557493.0
34017,2019,1.5096153846153846,43.95432692307692,2.564102564102564,35000.0,553984.0
34019,2007,1.5249643366619114,45.98145506419401,2.6390870185449358,36300.0,105381.0
34019,2011,1.5140684410646388,47.97794676806084,4.866920152091255,32000.0,105077.0
34019,2015,1.4925255704169944,48.49331235247836,2.3603461841070024,35000.0,104850.0
34019,2019,1.5188343994314144,49.98720682302772,3.1272210376687988,44400.0,106709.0
34021,2007,1.5192587209302326,45.743095930232556,3.0159883720930236,26150.0,296988.0
34021,2011,1.525100769512642,46.97031879809454,6.302674972517405,25000.0,298776.0
34021,2015,1.5160089352196575,46.42665673864482,4.393149664929263,24000.0,304271.0
34021,2019,1.5296352583586625,47.93806990881459,3.0775075987841944,31950.0,301855.0
34023,2007,1.5197138314785374,45.382034976152624,3.481717011128776,29000.0,647758.0
34023,2011,1.5155418650238028,45.48151778213386,5.5586670400448055,25000.0,661675.0
34023,2015,1.5135526887954776,46.47717060443543,3.4497753297579354,26900.0,688887.0
34023,2019,1.5165516269897168,46.45612058036343,2.338357515142978,34000.0,678229.0
34025,2007,1.5286577549899285,46.97546236952939,3.5158395898187145,30000.0,518984.0
34025,2011,1.5302626570232205,48.0827940616673,6.29996193376475,28600.0,512008.0
34025,2015,1.533271719038817,49.76561922365989,3.364140480591497,32102.0,517775.0
34025,2019,1.5167833423083827,51.162448393466164,2.495063722850476,40100.0,514742.0
34027,2007,1.5181616011860637,46.76822337533976,2.4709661477637757,36000.0,393008.0
34027,2011,1.527007299270073,47.890997566909974,5.86374695863747,33000.0,400586.0
34027,2015,1.5230881993647691,49.56584412411434,2.7852430979721476,36210.0,412171.0
34027,2019,1.5138211382113822,50.06411149825784,2.3693379790940767,46400.0,409488.0
34029,2007,1.5267234701781565,51.63923315259489,3.3501161890007745,24000.0,455591.0
34029,2011,1.5428693607013042,51.49775497113534,6.11503100277956,24000.0,466463.0
34029,2015,1.5235148514851484,52.588902640264024,3.176567656765677,26600.0,472003.0
34029,2019,1.5268126129744928,53.57501506326572,2.4904599317131955,32100.0,483014.0
34031,2007,1.5331210191082802,46.05923566878981,4.140127388535031,22000.0,390550.0
34031,2011,1.5414805360561583,45.86024250159541,8.26419910657307,18100.0,399851.0
34031,2015,1.531435349940688,46.95284697508897,3.0249110320284696,20000.0,407744.0
34031,2019,1.5265700483091786,46.831202046035806,3.0690537084398977,27000.0,401960.0
34035,2007,1.5222308892355694,46.54836193447738,2.067082683307332,38900.0,259065.0
34035,2011,1.5305202785743548,47.689061859893485,5.571487095452683,35300.0,259859.0
34035,2015,1.5308835027365129,49.72830336200156,3.3229085222830337,39950.0,271321.0
34035,2019,1.5133477633477634,50.18650793650794,2.380952380952381,45000.0,271903.0
34037,2007,1.5037440435670524,45.65486725663717,3.8121170864533696,31000.0,122911.0
34037,2011,1.513616212792907,48.27992400253325,8.106396453451552,29620.0,121504.0
34037,2015,1.5077120822622108,49.2866323907455,4.113110539845758,31850.0,120564.0
34037,2019,1.4990291262135922,50.32686084142395,3.171521035598705,40900.0,119847.0
34039,2007,1.5296853625170999,46.991792065663475,3.9671682626538987,27000.0,417551.0
34039,2011,1.5363295880149812,47.282646691635456,7.415730337078652,25000.0,431067.0
34039,2015,1.5160177427304091,47.54435682602267,4.608181370133071,25200.0,446303.0
34039,2019,1.5259061055704208,48.1731938701046,2.627098029676478,32000.0,448131.0
34041,2007,1.5217391304347827,47.67774936061381,3.495311167945439,28000.0,89109.0
34041,2011,1.514743049705139,47.39679865206403,6.655433866891322,27600.0,88242.0
34041,2015,1.516883116883117,49.61298701298701,4.675324675324675,29000.0,89220.0
34041,2019,1.5283363802559415,51.020109689213896,3.1078610603290677,39000.0,88682.0
35000,2007,1.5095679383800698,47.84065471175833,3.189312793356601,16800.0,813118.0
35000,2011,1.5107688994184794,47.74133103596812,6.42903295283222,15300.0,846588.0
35000,2015,1.5197730398899587,48.288514442916096,4.289889958734525,17300.0,1262637.0
35000,2019,1.5152153755373852,49.82466492455534,2.6384557026047375,21300.0,1279946.0
35001,2007,1.520446096654275,46.20883446315329,3.2363874917996935,22500.0,499648.0
35001,2011,1.5175596578117965,47.725574065736154,5.830706888788834,20550.0,537557.0
35013,2007,1.5135135135135136,45.53745173745174,4.015444015444015,13600.0,156882.0
35013,2011,1.4987531172069826,45.537822111388195,7.231920199501247,12000.0,166882.0
35013,2015,1.5055508112724167,45.11187019641332,4.013663535439795,14500.0,169124.0
35013,2019,1.5197255574614066,47.45626072041166,2.9159519725557463,16300.0,174225.0
35043,2015,1.535,49.26833333333333,5.333333333333334,18850.0,110770.0
35043,2019,1.5106382978723405,48.99633162142333,3.301540719002201,24000.0,119387.0
35045,2007,1.4935064935064934,44.938606847697756,1.770956316410862,15000.0,94219.0
35045,2011,1.5062388591800357,45.81818181818182,5.525846702317291,13000.0,97597.0
35049,2015,1.5296229802513466,51.54278874925195,2.6929982046678633,25000.0,125096.0
35049,2019,1.5296488198042602,52.797351755900976,2.1876799078871616,29300.0,128990.0
36000,2007,1.5143865632869975,47.3498185567828,3.4127188720775745,20800.0,4011848.0
36000,2011,1.5089345920431558,47.993369296471116,4.813815838765265,20000.0,4068795.0
36000,2015,1.5118814279736605,49.26489307815976,3.0303697667760474,23800.0,3465248.0
36000,2019,1.509634424170162,50.51840654076266,2.1738667575105923,28500.0,3423501.0
36001,2007,1.5274493243243243,45.601351351351354,2.6182432432432434,26000.0,248787.0
36001,2011,1.5270816491511723,46.5266774454325,4.203718674211803,23450.0,255683.0
36001,2015,1.518607442977191,47.73389355742297,2.681072428971589,27500.0,261185.0
36001,2019,1.5343137254901962,48.05656108597285,2.0739064856711913,32000.0,259779.0
36005,2007,1.5646223369916075,43.693608779857975,5.513234344738541,13000.0,1057571.0
36005,2011,1.5614683135172573,44.14948632113587,9.015352649197737,11400.0,1087270.0
36005,2015,1.5537321937321937,44.956923076923076,6.119658119658119,13000.0,1146824.0
36005,2019,1.5551890682059135,46.360819884556484,4.994699022264106,16200.0,1125727.0
36013,2007,1.5143020594965675,49.24828375286041,2.9748283752860414,18000.0,112839.0
36013,2011,1.5113699389905713,48.767054908485854,4.270660011092623,18000.0,110640.0
36013,2015,1.5253012048192771,50.628313253012045,3.5542168674698797,20000.0,108989.0
36013,2019,1.5065378055713474,50.66515065378056,1.9329164297896533,24700.0,106714.0
36027,2007,1.50990099009901,46.01526402640264,2.929042904290429,25000.0,242900.0
36027,2011,1.503197442046363,46.240607513988806,5.995203836930456,21000.0,245872.0
36027,2015,1.5142423091530572,48.11545765286745,3.646031143182681,27300.0,248884.0
36027,2019,1.4989429175475688,49.57117688513037,2.3255813953488373,31500.0,249365.0
36029,2007,1.5325864189096872,47.95723459489001,3.4567563874846288,21000.0,748810.0
36029,2011,1.5265257279617073,48.184815848956255,4.746709214200239,20000.0,757502.0
36029,2015,1.5291902071563088,48.60061877858488,2.999730965832661,24400.0,767601.0
36029,2019,1.515390485881455,49.03078097176291,2.0223861612821166,28600.0,768450.0
36047,2007,1.5543322759221248,44.834608446849536,4.123903713379362,16800.0,1996919.0
36047,2011,1.5520155713773498,44.91655995492496,6.822721917738052,15600.0,2031690.0
36047,2015,1.540015502373801,45.02015308594128,4.655556632109292,20000.0,2117385.0
36047,2019,1.5367686527106816,45.61455131020348,2.9863855950812472,26500.0,2065327.0
36055,2015,1.5272757697456492,47.27827978580991,3.698125836680054,25000.0,618745.0
36055,2019,1.5230650154798762,48.51919504643963,2.3993808049535605,30000.0,615094.0
36059,2007,1.531607578315513,48.640217595197896,2.6167698368036016,31000.0,1065318.0
36059,2011,1.5315913659005504,49.22109586646858,4.456873197588045,29400.0,1098885.0
36059,2015,1.5255912460289447,49.39278150370632,3.168019767031415,34600.0,1118580.0
36059,2019,1.5289800050620097,50.22053488568295,1.9404370201636716,40000.0,1119224.0
36061,2007,1.5514943457189014,44.853796445880455,4.079159935379645,30152.0,1386493.0
36061,2011,1.5425168062271495,44.52801037858238,5.543106498407831,23900.0,1403643.0
36061,2015,1.5425467712733856,44.10959565479783,3.8865419432709714,30000.0,1436731.0
36061,2019,1.5447039652362846,44.598913633894625,3.1070070613796847,40000.0,1431487.0
36063,2007,1.5226793248945147,47.80432489451477,3.4282700421940926,20960.0,176321.0
36063,2011,1.5203426124197001,50.25856531049251,4.817987152034261,21100.0,179716.0
36063,2015,1.5258476931628682,50.751528627015006,3.501945525291829,23800.0,177468.0
36063,2019,1.505759162303665,51.30261780104712,1.93717277486911,28900.0,174392.0
36069,2007,1.5181255526083113,48.804597701149426,2.564102564102564,24000.0,84801.0
36069,2011,1.485040797824116,47.97189483227561,3.9891205802357206,21000.0,89436.0
36071,2007,1.5188679245283019,45.256682389937104,3.30188679245283,25000.0,296148.0
36071,2011,1.5045186640471513,45.65108055009823,5.068762278978389,23000.0,292164.0
36071,2015,1.5060028248587571,46.956567796610166,2.6836158192090394,25600.0,299667.0
36071,2019,1.5117437722419929,49.04306049822064,1.708185053380783,30000.0,303999.0
36075,2007,1.5138121546961325,47.866614048934494,3.946329913180742,20000.0,98518.0
36075,2011,1.496096522356281,46.060326472675655,5.8907026259758695,18230.0,100483.0
36075,2015,1.5075414781297134,48.31372549019608,5.203619909502263,21600.0,99280.0
36075,2019,1.5011070110701108,47.936531365313655,3.3210332103321036,26000.0,97422.0
36081,2007,1.5338870431893687,46.11475083056479,4.25249169435216,20000.0,1865628.0
36081,2011,1.53017785427424,46.044922547332185,6.615031554790591,19000.0,1861796.0
36081,2015,1.5285197040457574,46.40882615311959,4.35010757202078,20900.0,1938796.0
36081,2019,1.524658124259718,47.611123075266505,3.1064929471303975,27000.0,1874750.0
36083,2007,1.5299442896935933,47.67130919220056,2.5766016713091924,24400.0,128758.0
36083,2011,1.5044920525224603,47.055286800276434,4.630269523151347,25900.0,131690.0
36083,2015,1.5219206680584552,47.503827418232426,2.8531663187195546,28000.0,133151.0
36083,2019,1.5086816720257235,48.42379421221865,2.765273311897106,30000.0,134408.0
36085,2007,1.5246051032806804,46.40340218712029,2.551640340218712,25000.0,389318.0
36085,2011,1.5239073041947786,47.383983572895275,4.840129070108536,23400.0,381456.0
36085,2015,1.5318909806125316,48.61702725484687,3.2593425119415564,24000.0,388504.0
36085,2019,1.5207386363636364,49.68125,2.3863636363636367,31000.0,391070.0
36087,2007,1.5261277355962484,47.04778919160339,2.5457793657882983,28900.0,231572.0
36087,2011,1.5266001662510391,47.985868661679135,4.945968412302577,25400.0,242914.0
36087,2015,1.5323798172427494,47.33611442193087,3.6551450139054427,27000.0,250576.0
36087,2019,1.5119481571486433,47.92466585662211,3.078169299311462,33000.0,248774.0
36089,2007,1.496005326231691,46.55392809587217,4.593874833555259,16000.0,91716.0
36089,2011,1.5088793631353337,46.192284139620334,6.062461726883037,16000.0,92426.0
36089,2015,1.4958677685950412,48.00826446280992,2.670057215511761,17400.0,92456.0
36089,2019,1.4913899138991389,48.70664206642066,2.5830258302583027,20000.0,90980.0
36091,2007,1.5078933043004898,47.09471965160588,2.1774632553075666,28200.0,175409.0
36091,2011,1.5043243243243243,48.152432432432434,3.5135135135135136,26000.0,181887.0
36091,2015,1.5173665111456713,49.61171591498186,2.851218247796786,31000.0,186788.0
36091,2019,1.5104929233772573,50.21229868228404,1.6593460224499756,35000.0,193782.0
36093,2007,1.5394629780309195,47.9300244100895,3.091944670463792,24000.0,123490.0
36093,2011,1.5228245363766049,48.59343794579173,4.208273894436519,24000.0,127415.0
36093,2015,1.5116465863453816,49.7429718875502,2.9718875502008033,28000.0,127204.0
36093,2019,1.5107806691449814,50.14052044609665,2.676579925650558,32000.0,126886.0
36103,2007,1.5207699194270368,47.121575649059984,2.784243509400179,30000.0,1155126.0
36103,2011,1.521522467565942,48.33198728413094,4.588023026033165,27700.0,1214117.0
36103,2015,1.5212869105332745,49.28673424416042,2.9616571176729836,30000.0,1234975.0
36103,2019,1.5164937146713913,50.36893613431199,2.083860626001856,38000.0,1224451.0
36109,2015,1.5136501516683518,40.28513650151668,2.5278058645096055,16000.0,94082.0
36109,2019,1.5526315789473684,40.97953216374269,1.1695906432748537,16950.0,91664.0
37000,2007,1.5252272574989392,47.641100663346215,3.5356129810376786,20000.0,4262448.0
37000,2011,1.5210937017439108,48.55282175873499,6.170602647779448,17700.0,4552258.0
37000,2015,1.5192131005782845,50.23671836999406,3.3751283575636384,19500.0,3496079.0
37000,2019,1.5181218471090414,51.09426982279136,2.2713749838313286,23100.0,3619584.0
37001,2007,1.5365025466893039,47.589134125636676,3.0560271646859083,21450.0,116410.0
37001,2011,1.5453359425962165,46.823222439660796,4.957599478147423,19800.0,123739.0
37001,2015,1.5509020618556701,48.9014175257732,3.5438144329896906,20830.0,128132.0
37001,2019,1.5335648148148149,48.720486111111114,2.1412037037037037,25000.0,138725.0
37019,2015,1.5321180555555556,56.68836805555556,2.34375,24000.0,106355.0
37019,2019,1.5261248185776488,58.85195936139333,1.5965166908563133,30000.0,126030.0
37021,2015,1.5185950413223142,49.8176652892562,2.53099173553719,21600.0,213846.0
37021,2019,1.5346350534635054,52.00511390051139,1.5341701534170153,24900.0,222100.0
37025,2007,1.5270700636942676,45.69267515923567,4.856687898089172,22800.0,126145.0
37025,2011,1.5234521575984992,46.63789868667917,6.848030018761726,20000.0,139164.0
37035,2007,1.5171288743882545,48.264274061990214,3.507340946166395,20000.0,125911.0
37035,2011,1.5139784946236559,47.90394265232975,6.021505376344086,19000.0,124283.0
37035,2015,1.5084602368866329,50.54399323181049,3.3840947546531304,20000.0,126999.0
37035,2019,1.5356285028022418,51.26341072858287,1.8414731785428344,23000.0,130925.0
37049,2015,1.5278450363196125,49.767554479418884,3.631961259079903,24000.0,83652.0
37049,2019,1.5083732057416268,49.288277511961724,2.15311004784689,24500.0,83824.0
37051,2007,1.5388414907947912,43.94207453973956,5.029187247418051,20000.0,233833.0
37051,2011,1.5281481481481483,43.505185185185184,7.185185185185185,19000.0,251359.0
37051,2015,1.527788001472212,42.955465587044536,5.263157894736842,19500.0,254612.0
37051,2019,1.5240352064996614,43.57244414353419,3.6560595802301963,24000.0,263833.0
37057,2007,1.5138121546961325,47.83977900552486,4.814522494080506,20000.0,127435.0
37057,2011,1.5297504798464492,49.63531669865643,6.238003838771593,17120.0,131902.0
37057,2015,1.5148356054530874,49.51002405773857,2.967121090617482,22000.0,134742.0
37057,2019,1.5107646622123236,50.60653303637714,1.855976243504083,24400.0,138040.0
37063,2015,1.5165048543689321,43.880097087378644,3.058252427184466,24200.0,246312.0
37063,2019,1.5267645665561345,44.82283278067267,1.9422074846044528,30000.0,265124.0
37067,2007,1.5466294097100943,46.49283967865875,3.0736989172196996,22500.0,269681.0
37067,2011,1.5546825895663106,48.01194217473287,6.631049654305468,18950.0,282981.0
37067,2015,1.5253144147049338,48.669461464043856,3.8697194453402126,21550.0,295992.0
37067,2019,1.525982256020279,48.861850443599494,2.3447401774397973,26000.0,310204.0
37071,2015,1.5262899262899263,49.14250614250614,3.3906633906633905,20600.0,172957.0
37071,2019,1.5218181818181817,50.14181818181818,2.4545454545454546,26200.0,183949.0
37081,2007,1.5392445754085187,45.69166889900884,4.848647200642914,21300.0,371451.0
37081,2011,1.5360149672591206,46.407623947614596,7.086061739943873,18000.0,400586.0
37081,2015,1.5553910683444363,47.271403898346904,3.05946212681964,22000.0,420079.0
37081,2019,1.5355892648774796,47.99369894982497,2.6837806301050176,23000.0,439056.0
37085,2015,1.5196850393700787,46.568897637795274,3.674540682414698,20500.0,99365.0
37085,2019,1.5164141414141414,47.61931818181818,3.2196969696969697,23000.0,107450.0
37097,2007,1.5237691001697793,47.011035653650254,3.9898132427843804,22000.0,120938.0
37097,2011,1.5451467268623025,48.261851015801355,7.1106094808126405,17000.0,126909.0
37101,2015,1.5181992337164751,47.61302681992337,3.065134099616858,22835.0,145181.0
37101,2019,1.510016694490818,48.26293823038397,2.0868113522537564,25125.0,167244.0
37119,2007,1.5264511979417912,43.318700755748516,4.502331564560218,26000.0,672155.0
37119,2011,1.533227597145123,44.68057097541634,6.962727993655829,22000.0,743006.0
37119,2015,1.5242467347730506,45.060002586318376,4.267425320056899,27000.0,819496.0
37119,2019,1.525231843911839,45.59954233409611,2.4930747922437675,32030.0,895018.0
37133,2007,1.4402777777777778,38.11944444444445,2.638888888888889,20000.0,126025.0
37133,2011,1.4360294117647059,38.28455882352941,4.044117647058823,22000.0,139867.0
37135,2015,1.5447409733124018,43.49843014128729,2.2762951334379906,23900.0,118190.0
37135,2019,1.5461432506887052,44.65220385674931,1.721763085399449,24000.0,125076.0
37147,2007,1.5398009950248757,43.31260364842454,4.06301824212272,17800.5,122129.0
37147,2011,1.547970479704797,42.41420664206642,6.826568265682657,14600.0,139444.0
37147,2015,1.5417017691659647,45.2106149957877,7.497893850042122,18300.0,144297.0
37147,2019,1.5406976744186047,45.79651162790697,3.488372093023256,22950.0,148371.0
37151,2007,1.5168634064080944,46.401349072512645,4.3844856661045535,18000.0,111491.0
37151,2011,1.5076923076923077,47.46,7.769230769230768,16750.0,113325.0
37151,2015,1.5214953271028038,49.64859813084112,3.08411214953271,20000.0,115157.0
37151,2019,1.530981887511916,50.78836987607245,1.811248808388942,22500.0,117176.0
37155,2007,1.5541125541125542,47.27272727272727,3.787878787878788,14250.0,98092.0
37155,2011,1.5140470766894456,45.70615034168565,7.668944570994684,12000.0,105567.0
37159,2007,1.5308016877637132,46.778059071729956,3.8818565400843887,20800.0,111759.0
37159,2011,1.5056179775280898,49.325842696629216,5.842696629213483,18000.0,111309.0
37159,2015,1.5244565217391304,49.76358695652174,5.072463768115942,18500.0,113181.0
37159,2019,1.497165991902834,49.62914979757085,2.5101214574898787,21200.0,116030.0
37179,2007,1.5185185185185186,44.431673052362704,3.065134099616858,24200.0,140676.0
37179,2011,1.526266416510319,46.666979362101316,6.378986866791744,20000.0,153302.0
37183,2015,1.5202470830473576,45.00398078242965,2.8826355525051475,30000.0,812233.0
37183,2019,1.5104784978800727,45.89642640823743,2.204724409448819,36000.0,894002.0
37191,2007,1.545897644191714,46.203899268887085,4.6303818034118605,18000.0,89182.0
37191,2011,1.523016650342801,47.508325171400585,7.541625857002939,18000.0,98662.0
37191,2015,1.5156431054461181,48.238702201622246,3.360370799536501,20200.0,98801.0
37191,2019,1.537117903930131,49.2117903930131,2.1834061135371177,20000.0,98450.0
38000,2007,1.500839983200336,49.41411171776564,2.141957160856783,20000.0,413724.0
38000,2011,1.49871921182266,49.7079802955665,1.6551724137931034,22700.0,433487.0
38000,2015,1.4886238532110092,49.708990825688076,1.761467889908257,28200.0,471468.0
38000,2019,1.4862150812488588,50.176739090743105,1.3145882782545188,30000.0,461150.0
38017,2007,1.5080946450809465,42.744707347447076,2.2415940224159403,24000.0,109956.0
38017,2011,1.4979367262723522,43.31361760660248,3.0261348005502064,25000.0,123975.0
38017,2015,1.516829533116178,42.841476655808904,2.1715526601520088,28000.0,139327.0
38017,2019,1.4960474308300395,45.426877470355734,1.7786561264822136,36000.0,149105.0
39000,2007,1.5209180446372097,47.494262221017436,4.023222192102647,20000.0,3946290.0
39000,2011,1.5180251472786424,48.6895717928427,5.682317770157391,18600.0,3962547.0
39000,2015,1.516735507762427,49.222285524379245,3.012391397236861,21600.0,3692821.0
39000,2019,1.511251397689154,50.08367499068207,2.1827245620573983,25000.0,3685087.0
39003,2015,1.4959839357429718,49.756024096385545,3.1124497991967868,21005.0,84028.0
39003,2019,1.4909264565425024,50.04966571155683,2.1012416427889207,25400.0,83094.0
39007,2007,1.5184729064039408,48.833743842364534,4.064039408866995,18000.0,82225.0
39007,2011,1.5122699386503067,49.125766871165645,6.5439672801636,16000.0,82408.0
39007,2015,1.5011441647597255,50.00114416475972,3.203661327231121,21015.0,81489.0
39007,2019,1.500544069640914,51.606093579978236,2.067464635473341,22300.0,79142.0
39017,2007,1.5161290322580645,45.63544500582977,3.653322969296541,24000.0,286732.0
39017,2011,1.5226354082457558,45.873888439773644,5.941794664510914,19060.0,293188.0
39017,2015,1.5168624478969306,46.931413414172034,2.993558165971959,23700.0,301401.0
39017,2019,1.5158701203940168,47.472820138635534,2.4078803356439256,28200.0,309499.0
39023,2015,1.5235250186706497,49.43913368185213,3.9581777445855115,22000.0,109845.0
39023,2019,1.5248175182481751,50.127737226277375,2.627737226277372,24000.0,109330.0
39029,2007,1.516597510373444,46.95539419087137,5.186721991701245,17100.0,88415.0
39029,2011,1.5239043824701195,48.75996015936255,5.776892430278884,17100.0,88683.0
39029,2015,1.5350877192982457,50.58991228070175,3.8377192982456143,18000.0,87045.0
39029,2019,1.493949394939494,51.82178217821782,2.6402640264026402,23000.0,84978.0
39035,2007,1.539975282821561,47.95389295560415,4.838863009791805,21200.0,1046859.0
39035,2011,1.5400326096284218,49.288337767098604,7.156955290483137,19300.0,1039705.0
39035,2015,1.5352914997774811,49.32469959946595,4.63729417000445,22200.0,1037020.0
39035,2019,1.5232788063994247,50.14767211936006,3.1098328240158186,27900.0,1026557.0
39041,2007,1.5052192066805845,43.95963813500348,2.3660403618649966,35000.0,124225.0
39041,2011,1.5168269230769231,46.01121794871795,3.205128205128205,30150.0,134445.0
39041,2015,1.521229868228404,46.93704245973645,1.903367496339678,36000.0,149239.0
39041,2019,1.517520215633423,47.74932614555256,1.8194070080862534,40000.0,164776.0
39045,2007,1.505794701986755,44.563741721854306,4.2218543046357615,24000.0,111232.0
39045,2011,1.5065420560747664,48.34485981308411,5.794392523364486,23000.0,117251.0
39045,2015,1.5098846787479407,48.728995057660626,2.7182866556836904,24000.0,121877.0
39045,2019,1.4937402190923317,49.086854460093896,1.7996870109546166,30000.0,126567.0
39049,2007,1.5374003290722693,44.20567016833312,3.936210606252373,24000.0,878096.0
39049,2011,1.5207484725050917,44.82599287169043,5.677189409368635,21000.0,943556.0
39049,2015,1.5214502214968524,45.10013989274889,3.6488692002797856,24940.0,1001001.0
39049,2019,1.519553702242759,44.96630226529922,2.4456215485179755,30000.0,1057274.0
39057,2007,1.5301296720061022,46.926010678871094,3.1273836765827614,22800.0,127697.0
39057,2011,1.5275157232704402,44.744496855345915,6.761006289308176,18500.0,133767.0
39057,2015,1.5094752186588922,45.970845481049565,4.154518950437318,20310.0,135899.0
39057,2019,1.5059482155353394,46.7221833449965,2.0293911826452065,25200.0,139906.0
39061,2007,1.5320735952262556,46.568871208354054,3.7460633184153815,23200.0,676930.0
39061,2011,1.5323031398980766,47.97106690777577,6.312674667105046,20700.0,645560.0
39061,2015,1.5271529562982005,47.547879177377894,3.550771208226221,25000.0,653054.0
39061,2019,1.5159599074787973,48.220200462606016,2.5134926754047804,30000.0,662476.0
39089,2007,1.526530612244898,47.01387755102041,4.816326530612245,24000.0,124631.0
39089,2011,1.5139664804469273,47.205905826017556,4.788507581803671,20600.0,133021.0
39089,2015,1.5233082706766918,48.06015037593985,4.285714285714286,23275.0,137231.0
39089,2019,1.5253067484662577,49.201687116564415,1.303680981595092,28800.0,144071.0
39093,2007,1.5176470588235293,47.40365111561866,5.152129817444219,21510.0,244896.0
39093,2011,1.5026656511805028,48.166031987814165,5.674028941355674,18000.0,245887.0
39093,2015,1.506288032454361,49.15131845841785,3.9350912778904665,21800.0,250396.0
39093,2019,1.4987704918032787,51.4827868852459,2.0901639344262297,27075.0,253714.0
39103,2007,1.511127063890883,47.35534816941852,2.5843503230437905,25400.0,136931.0
39103,2011,1.5096359743040686,48.89650249821556,4.496788008565311,24600.0,137867.0
39103,2015,1.5144671841919548,48.981651376146786,1.9054340155257588,30000.0,143392.0
39103,2019,1.5195567144719686,50.708604954367665,1.3689700130378095,35000.0,147033.0
39109,2015,1.5069182389937108,50.349685534591195,3.89937106918239,25000.0,84857.0
39109,2019,1.509090909090909,49.54090909090909,2.0454545454545454,28000.0,87357.0
39113,2007,1.531219028741328,47.504707631318134,4.311199207135778,22100.0,434303.0
39113,2011,1.5433979686057249,47.70452446906741,6.4404432132963985,18000.0,436412.0
39113,2015,1.5280208087018208,48.811302908489004,3.9725703475999055,22200.0,432331.0
39113,2019,1.5163414634146342,50.32878048780488,2.9268292682926833,27400.0,432325.0
39133,2007,1.5124804992199687,45.1801872074883,3.9001560062402496,22000.0,128844.0
39133,2011,1.5161775771256585,45.60797592174568,6.621519939804364,18500.0,135123.0
39133,2015,1.5225707727620506,45.48737566947207,3.825554705432287,21500.0,137173.0
39133,2019,1.5295454545454545,47.29090909090909,2.803030303030303,23450.0,139132.0
39139,2007,1.49269717624148,47.98928919182084,3.4079844206426486,18000.0,102840.0
39139,2011,1.4960552268244576,49.69230769230769,5.325443786982249,16650.0,101565.0
39139,2015,1.49746192893401,49.58984771573604,3.7563451776649748,19200.0,99913.0
39139,2019,1.477170993733214,49.053715308863026,1.521933751119069,20600.0,99328.0
39153,2007,1.532644434006576,47.79192108971348,3.8515735086895257,22450.0,438400.0
39153,2011,1.530204692960559,48.052920619071394,5.966050923614579,20000.0,441110.0
39153,2015,1.5285714285714285,49.8772397094431,3.2687651331719128,24000.0,446197.0
39153,2019,1.513304305757136,50.258103531688434,2.733430091920658,30000.0,447342.0
39165,2007,1.4955128205128205,45.79423076923077,2.2435897435897436,26950.0,157203.0
39165,2011,1.4747191011235956,46.58075842696629,4.564606741573034,24000.0,166894.0
39165,2015,1.4893162393162394,46.556267806267805,2.0655270655270654,30000.0,178205.0
39165,2019,1.4837092731829573,49.6484962406015,1.8170426065162906,31400.0,189455.0
39169,2007,1.5083025830258303,47.35793357933579,3.9667896678966788,20250.0,90857.0
39169,2011,1.529874213836478,47.293238993710695,4.79559748427673,18000.0,89780.0
39169,2015,1.5183603757472246,49.18360375747225,2.0495303159692573,23000.0,93712.0
39169,2019,1.5039808917197452,48.70859872611465,1.0350318471337578,25250.0,92757.0
4000,2007,1.4994903160040776,48.28198267074414,3.9755351681957185,16000.0,759573.0
4000,2011,1.4748993857233637,47.63291675492481,7.117136199957636,12000.0,842333.0
4000,2015,1.4796445546600536,49.96435213887167,4.081421781359785,14757.0,874280.0
4000,2019,1.48826994110013,51.59748427672956,2.765298991714086,19200.0,943751.0
40000,2007,1.520545609548167,47.38502983802216,2.874680306905371,18000.0,2861466.0
40000,2011,1.5083819003339662,47.359112042433374,4.154934188985659,17000.0,3007723.0
40000,2015,1.5078892152748635,47.35312631137222,3.0843474611833823,18900.0,2172341.0
40000,2019,1.5064180680802666,48.46587862539605,2.3113169225769763,21000.0,2184004.0
40017,2015,1.5247524752475248,48.21923620933522,2.545968882602546,26400.0,104190.0
40017,2019,1.503486750348675,47.97071129707113,1.1157601115760112,30000.0,116749.0
40027,2015,1.4869942196531791,43.615606936416185,2.601156069364162,20000.0,225123.0
40027,2019,1.4992987377279103,45.069424964936886,2.5946704067321176,25000.0,233903.0
4005,2007,1.5085227272727273,43.453598484848484,4.545454545454546,18000.0,100639.0
4005,2011,1.537359900373599,43.26463262764633,7.347447073474471,12550.0,108853.0
4005,2015,1.5385144429160935,43.167125171939475,6.8088033012379645,12500.0,115358.0
4005,2019,1.518213058419244,43.98762886597938,5.841924398625429,18000.0,119757.0
40109,2015,1.5180320038213517,46.53116790064485,2.9376641987102934,22300.0,604593.0
40109,2019,1.5083676934271162,47.5682755275285,2.158622362357507,26000.0,626796.0
4013,2007,1.5183280636531045,45.13818143914388,3.1374865362565583,24100.0,2988342.0
4013,2011,1.514591439688716,46.48302696900577,5.900308600563531,20000.0,3040944.0
4013,2015,1.5182963032405237,47.208774725789816,3.187400393737696,24000.0,3314297.0
4013,2019,1.5134888755946785,48.09719966954391,2.4413867760590264,30000.0,3613218.0
4019,2007,1.5283091048201989,47.81382300433563,3.0604437643458304,20800.0,777183.0
4019,2011,1.522636925795053,48.28831713780919,5.81934628975265,18200.0,802557.0
4019,2015,1.514067715784454,49.184191702432045,3.755364806866953,20200.0,827433.0
4019,2019,1.506038515939506,50.398324447829395,2.513328255902513,25000.0,866926.0
4025,2007,1.5216584158415842,52.38985148514851,2.599009900990099,20400.0,178236.0
4025,2011,1.5152416356877323,54.1457249070632,5.278810408921933,17800.0,180390.0
4025,2015,1.5009451795841209,55.89981096408317,2.58349086326402,20000.0,190524.0
4025,2019,1.5178983833718245,55.460161662817555,2.1939953810623556,24900.0,205343.0
4027,2007,1.5156562291805462,47.753497668221186,4.663557628247834,16000.0,143821.0
4027,2011,1.4957627118644068,45.53954802259887,6.9209039548022595,13300.0,155336.0
4027,2015,1.5061957868649318,49.79863692688971,4.4609665427509295,17000.0,161910.0
4027,2019,1.4938650306748467,52.426993865030674,4.662576687116564,20000.0,169002.0
41000,2007,1.5158356266616912,46.86020803209105,3.628900601707169,22000.0,2135948.0
41000,2011,1.5117277130959463,47.8812781507606,6.318517889011643,20000.0,2217914.0
41000,2015,1.504301280825846,50.448575798126555,3.670426304721851,19600.0,888603.0
41000,2019,1.5053955230535985,50.78605190403995,2.4346740390618034,24000.0,934967.0
41005,2015,1.5196548418024929,49.57110898050495,3.004154682007031,28000.0,330809.0
41005,2019,1.510845646023263,50.422508645080164,2.7664256523105943,33600.0,346991.0
41017,2007,1.516810758885687,47.80787704130643,2.881844380403458,25000.0,126567.0
41017,2011,1.5121951219512195,49.348115299334815,8.2039911308204,20000.0,131834.0
41017,2015,1.52,50.624,3.1,26000.0,143739.0
41017,2019,1.5029288702928871,51.081171548117155,2.426778242677824,28800.0,166702.0
41019,2007,1.5191313340227508,52.18821096173733,5.274043433298862,18200.0,87042.0
41019,2011,1.488118811881188,52.39504950495049,6.336633663366337,16750.0,89805.0
41019,2015,1.517391304347826,52.76086956521739,4.130434782608695,18165.0,90370.0
41019,2019,1.4959919839679359,52.74248496993988,2.905811623246493,23200.0,92754.0
41029,2007,1.5250487963565387,49.61613532856214,4.033832140533507,19800.0,165600.0
41029,2011,1.511400651465798,49.03452768729642,8.013029315960912,17500.0,168137.0
41029,2015,1.5158227848101267,50.61329113924051,4.367088607594936,20400.0,176087.0
41029,2019,1.5152603231597845,52.5146618791143,2.39377618192699,26100.0,183407.0
41039,2007,1.5171477079796265,48.382682512733446,3.7351443123938877,20000.0,286563.0
41039,2011,1.5071315372424723,48.761648177496035,6.7194928684627575,18000.0,296900.0
41039,2015,1.5111378687537629,48.86333534015653,4.0638169777242625,20300.0,307021.0
41039,2019,1.525361292150751,50.0272031737036,2.550297534712383,24500.0,324635.0
41047,2007,1.4917491749174918,46.20462046204621,4.084158415841585,19550.0,241555.0
41047,2011,1.4967689822294024,46.587641357027465,7.1082390953150245,17300.0,249822.0
41047,2015,1.508420208500401,47.728949478748994,3.608660785886127,21700.0,262090.0
41047,2019,1.5023662176920276,48.50527848562068,3.167091372406261,25000.0,278290.0
41051,2015,1.511411931371006,45.70895639855186,3.8721863686447344,26800.0,658689.0
41051,2019,1.5124794500074727,46.405918397847856,2.540726348826782,34000.0,688572.0
41067,2015,1.5179063360881542,46.45982552800734,3.2828282828282833,29550.0,459873.0
41067,2019,1.5266608391608392,46.90646853146853,2.207167832167832,35300.0,487726.0
42000,2007,1.5117231493805672,48.62278591174363,3.1202006757448553,19000.0,2942935.0
42000,2011,1.5124297164732623,49.38227060653188,4.244526857279579,19000.0,3001877.0
42000,2015,1.506147355049451,50.1203611287542,2.9353053261954454,21700.0,3332971.0
42000,2019,1.5055827319191875,51.43556277008796,2.0751530041459185,25650.0,3318429.0
42003,2007,1.5442705483200174,48.54054941446864,3.1082412170296596,21400.0,1010865.0
42003,2011,1.5265356015075888,49.13965569929714,4.604257919934807,22410.0,1034594.0
42003,2015,1.5260288615713522,49.13319080705505,3.046499198289685,24900.0,1037812.0
42003,2019,1.5200756779482867,49.92253521126761,2.112676056338028,32000.0,1026197.0
42011,2007,1.5234749281379751,46.6572979878633,3.417438518045353,23420.0,320202.0
42011,2011,1.52190847127556,47.21389159363843,5.387861084063616,20300.0,333840.0
42011,2015,1.5214308733483726,47.73477280051563,3.609410248146955,24000.0,338652.0
42011,2019,1.5199759687593872,48.79933914088315,2.5833583658756383,29700.0,343685.0
42013,2007,1.5261194029850746,47.94962686567164,4.664179104477612,18000.0,104543.0
42013,2011,1.5114503816793894,49.95335029686175,4.410517387616624,18900.0,104829.0
42017,2007,1.5189176245210727,47.8448275862069,2.6340996168582373,28400.0,500975.0
42017,2011,1.5224705599615478,49.10598413842826,4.830569574621485,26000.0,513476.0
42017,2015,1.5238839285714285,49.458035714285714,3.482142857142857,30000.0,520354.0
42017,2019,1.511432269197584,51.01833477135462,2.459016393442623,38000.0,527850.0
42019,2007,1.5043010752688173,47.09139784946237,2.741935483870968,21100.0,147495.0
42019,2011,1.5195592286501378,48.64132231404959,4.077134986225895,21100.0,152311.0
42019,2015,1.5076841547429782,50.18759936406995,2.3317435082140965,25000.0,155431.0
42019,2019,1.509933774834437,50.330616403464084,1.8848700967906264,30000.0,157323.0
42021,2015,1.5158441558441558,49.72727272727273,3.896103896103896,19000.0,115968.0
42021,2019,1.5105932203389831,51.67637711864407,2.277542372881356,22800.0,110770.0
42027,2007,1.4903846153846154,42.423816568047336,1.9970414201183433,17500.0,125149.0
42027,2011,1.49680624556423,42.198012775017745,3.6905606813342797,16000.0,134724.0
42027,2015,1.4692307692307693,42.30909090909091,2.097902097902098,16960.0,141252.0
42027,2019,1.459204315576534,43.284558327714095,1.8880647336480108,19600.0,142392.0
42029,2007,1.5122615803814714,46.04468664850136,2.2888283378746594,30000.0,388810.0
42029,2011,1.5115558060879368,46.65783540022548,4.425028184892897,27002.0,402849.0
42029,2015,1.5062483382079235,48.272799787290616,2.924754054772667,32000.0,416240.0
42029,2019,1.51024208566108,48.734769885607875,2.154828411811652,40000.0,427934.0
42043,2007,1.5301327885597549,47.06077630234934,3.268641470888662,25000.0,204536.0
42043,2011,1.5321484579194982,46.62101411395714,5.0705697856769465,23000.0,219913.0
42043,2015,1.5159521435692922,48.06480558325025,3.2402791625124627,24500.0,221952.0
42043,2019,1.5002621919244887,49.65495542737284,1.8877818563188253,30000.0,225455.0
42045,2007,1.5250965250965252,46.693693693693696,3.655083655083655,24000.0,446912.0
42045,2011,1.5274538386783285,46.79373177842566,5.393586005830904,23150.0,454946.0
42045,2015,1.5246558197747184,46.72841051314143,3.879849812265332,25000.0,461974.0
42045,2019,1.5178391959798996,48.21457286432161,3.4170854271356785,30000.0,463701.0
42049,2007,1.5211459754433834,46.5775352432924,3.6834924965893587,19000.0,224177.0
42049,2011,1.5134907251264755,47.2685497470489,5.101180438448567,18000.0,229683.0
42049,2015,1.5078891257995735,47.86268656716418,3.3262260127931773,20400.0,228471.0
42049,2019,1.5063401836466987,48.733275032794054,2.4486226497595105,24400.0,223952.0
42051,2007,1.5261538461538462,50.105384615384615,2.8461538461538463,14700.0,119654.0
42051,2011,1.511111111111111,50.74176245210728,3.7547892720306515,16500.0,113535.0
42051,2015,1.5084226646248087,50.31623277182236,3.5987748851454824,17650.0,112362.0
42051,2019,1.5020644095788604,52.771263418662265,3.5507844756399667,20800.0,109188.0
42071,2007,1.5228142478657638,46.05033853400059,2.796585222254931,22000.0,390838.0
42071,2011,1.5070121951219513,47.01798780487805,4.603658536585366,20000.0,417370.0
42071,2015,1.521186440677966,47.8023607748184,2.5423728813559325,24000.0,430824.0
42071,2019,1.5246200607902736,49.990577507598786,1.702127659574468,28250.0,439964.0
42075,2007,1.5097236438075743,47.27840327533265,3.2753326509723646,22200.0,102786.0
42075,2011,1.5283381364073008,49.11431316042267,4.418828049951969,23300.0,108500.0
42075,2015,1.5200400801603207,50.105210420841686,1.7034068136272544,24700.0,110016.0
42075,2019,1.5009025270758123,50.22292418772563,1.7148014440433215,29000.0,115747.0
42081,2007,1.532292405961675,47.52519517388219,4.187366926898509,19000.0,97111.0
42081,2011,1.5046235138705417,49.85997357992074,3.896961690885073,20000.0,97734.0
42085,2007,1.5225988700564972,49.33898305084746,3.036723163841808,18250.0,97242.0
42085,2011,1.5160026126714565,49.88373612018289,4.049640757674722,18700.0,97598.0
42085,2015,1.4879679144385027,50.41644385026738,2.740641711229946,20000.0,95945.0
42085,2019,1.5113333333333334,50.69733333333333,2.0,24000.0,92400.0
42089,2007,1.525383707201889,46.22786304604487,4.250295159386068,20000.0,135661.0
42089,2011,1.5081723625557206,44.87964338781575,8.023774145616642,17300.0,138561.0
42089,2015,1.5060240963855422,47.728246318607766,5.35475234270415,21200.0,140092.0
42089,2019,1.5269886363636365,50.27698863636363,1.8465909090909092,26350.0,142452.0
42091,2007,1.5239259517988124,47.23209919664687,2.619629758994062,30000.0,632260.0
42091,2011,1.5256711409395973,48.80973154362416,4.278523489932886,30000.0,654890.0
42091,2015,1.5208058124174373,49.12169749009247,2.8731836195508587,32000.0,670023.0
42091,2019,1.5224963715529753,50.237058538945334,2.273826802128689,40000.0,684266.0
42095,2007,1.5259326660600545,47.51182893539581,3.048225659690628,22650.0,245296.0
42095,2011,1.5235322658903445,48.16399805919457,3.9301310043668125,20000.0,246378.0
42101,2007,1.550343878954608,45.43191196698762,5.337001375515818,16200.0,1150242.0
42101,2011,1.539180537772087,45.27592829705506,8.24583866837388,14400.0,1249651.0
42101,2015,1.5396940127695458,45.04397060595109,5.4933140585471625,18020.0,1274083.0
42101,2019,1.5455882352941177,45.39291443850267,3.796791443850268,22000.0,1292165.0
42107,2007,1.4982035928143713,49.376047904191616,3.1736526946107784,19200.0,124675.0
42107,2011,1.4901648059542796,49.790536948431686,4.784688995215311,19700.0,125225.0
42107,2015,1.490909090909091,51.31590909090909,3.295454545454545,21600.0,121991.0
42107,2019,1.4960362400906002,52.876557191392976,1.868629671574179,25000.0,118389.0
42129,2007,1.5311746469169825,49.87667929727868,2.480192903892525,19700.0,305176.0
42129,2011,1.5336107554417413,49.82490396927017,3.4891165172855314,20000.0,308147.0
42129,2015,1.5217961324156015,51.87053425106522,2.753195673549656,24000.0,303564.0
42129,2019,1.5139882888744307,52.386792452830186,1.9193233571893298,28650.0,298438.0
42133,2007,1.5128046899105214,46.589324282628816,3.2088861462511575,25000.0,342996.0
42133,2011,1.5222619434514137,46.935001624959376,5.589860253493663,22860.0,353753.0
42133,2015,1.5117813383600378,48.27552623311342,2.858938108702482,25400.0,361662.0
42133,2019,1.5087158628704243,49.35880302149913,1.946542707728065,30000.0,366312.0
44000,2007,1.5383319292333615,49.63689974726201,2.1061499578770007,26000.0,111623.0
44000,2011,1.5252525252525253,49.044289044289044,5.672105672105672,26900.0,112229.0
44000,2015,1.5369946605644547,50.166285278413426,1.6018306636155606,29600.0,111783.0
44000,2019,1.5239520958083832,51.05763473053892,1.7964071856287425,40000.0,112222.0
44003,2007,1.5359385903698535,48.67969295184927,2.8611304954640615,28000.0,139512.0
44003,2011,1.5432624113475177,48.827659574468086,4.680851063829787,26500.0,138959.0
44003,2015,1.5319602272727273,51.09303977272727,3.053977272727273,33500.0,139365.0
44003,2019,1.5208333333333333,50.58984375,1.8880208333333333,36000.0,140312.0
44007,2007,1.5327386985607137,45.99939185080073,4.1556861950131765,21000.0,508912.0
44007,2011,1.526023727516265,47.0107156525067,6.697282816685801,19000.0,514364.0
44007,2015,1.5288461538461537,46.956043956043956,3.669544740973312,21552.0,523259.0
44007,2019,1.5229395046691028,48.30511571254568,2.293950466910272,28250.0,530076.0
44009,2007,1.5184518451845184,47.815481548154814,3.5103510351035103,28000.0,105602.0
44009,2011,1.5239786856127886,48.32948490230906,4.174067495559503,28000.0,106839.0
44009,2015,1.5101543460601137,49.96831844029244,4.1429731925264015,30000.0,107759.0
44009,2019,1.5023474178403755,50.99843505477308,1.7996870109546166,35000.0,111176.0
45000,2007,1.5284043874172186,47.23835885761589,3.8700331125827816,18200.0,1852405.0
45000,2011,1.524559222943424,47.95465635501542,6.371127376513373,15600.0,1960922.0
45000,2015,1.5238883337496878,48.559549088183864,3.6972270796902325,20000.0,3137821.0
45000,2019,1.5228925718373674,49.858083939430074,2.366758077977823,25000.0,3272566.0
45003,2007,1.5410094637223974,49.465299684542586,3.0757097791798107,21000.0,124978.0
45003,2011,1.5346820809248556,48.0014450867052,4.118497109826589,17250.0,131461.0
45007,2007,1.5272131147540984,47.683934426229506,4.065573770491803,18200.0,144947.0
45007,2011,1.5285714285714285,49.48299319727891,7.006802721088436,17550.0,151622.0
45007,2015,1.5279889426399447,49.89288182446441,3.5245335176226673,20000.0,158455.0
45007,2019,1.5370611183355007,50.50325097529259,2.860858257477243,24600.0,165538.0
45015,2007,1.4949238578680204,44.66835871404399,2.8764805414551606,21000.0,127046.0
45015,2011,1.5102201257861636,44.39779874213836,6.289308176100629,19000.0,144780.0
45019,2007,1.5259417199715708,46.46268656716418,2.9495380241648896,24105.0,277909.0
45019,2011,1.5375838926174497,47.316107382550335,5.671140939597316,20000.0,294774.0
45045,2007,1.5349570200573066,45.54756446991404,3.753581661891117,20000.0,340774.0
45045,2011,1.5363825363825363,46.6985446985447,5.795218295218295,18500.0,365845.0
45051,2007,1.52868068833652,49.19263862332696,2.7724665391969405,21000.0,204877.0
45051,2011,1.5310668229777258,50.88276670574443,5.978898007033997,18000.0,230590.0
45051,2015,1.5127231295100645,51.838207368021266,3.570072161033042,21000.0,261473.0
45051,2019,1.536038961038961,53.71038961038961,2.3376623376623376,25000.0,301473.0
45083,2007,1.5427135678391959,46.48698035632709,3.654636820465966,18000.0,219831.0
45083,2011,1.531328320802005,47.221386800334166,6.223893065998329,14650.0,230285.0
45083,2015,1.5258064516129033,48.2,3.2661290322580645,19000.0,239205.0
45083,2019,1.518625678119349,48.998553345388785,2.1338155515370705,24000.0,259594.0
45085,2007,1.5469483568075117,45.652582159624416,4.694835680751173,15000.0,80172.0
45085,2011,1.548832271762208,46.183651804670916,6.794055201698514,16500.0,84545.0
45091,2007,1.5220588235294117,44.79128959276018,4.298642533936651,23900.0,166859.0
45091,2011,1.5256797583081572,46.789123867069485,8.217522658610273,18000.0,181497.0
45091,2015,1.5221997981836528,47.49798183652876,3.985872855701312,21205.0,200654.0
45091,2019,1.5203252032520325,47.99760879961741,2.295552367288379,30000.0,224721.0
46000,2007,1.5097888083860027,48.430861723446895,2.5127177431786647,20000.0,634175.0
46000,2011,1.5002903600464577,49.02439024390244,2.8164924506387923,21000.0,654275.0
46000,2015,1.5018492176386913,48.38819345661451,2.6458036984352775,24000.0,682924.0
46000,2019,1.5000676315433519,49.50804815365887,1.7313675098065737,28400.0,703447.0
47000,2007,1.523910574451551,47.9141012612828,3.5626755932811283,18000.0,3114907.0
47000,2011,1.5158170517572953,49.08269461244739,5.582652805262131,15700.0,3223707.0
47000,2015,1.5190730616302186,49.512922465208746,3.143638170974155,18600.0,2922511.0
47000,2019,1.5136278744017742,50.19289132718571,2.1769580950157583,21800.0,3013429.0
47009,2007,1.5356793743890518,48.67937438905181,2.834799608993157,21000.0,97936.0
47009,2011,1.5246252676659529,49.79443254817987,4.068522483940043,20000.0,101142.0
47009,2015,1.5199610516066213,50.20545277507303,3.213242453748783,23000.0,105307.0
47009,2019,1.5278491859468724,51.94173093401885,1.8851756640959727,26000.0,110872.0
47037,2007,1.5303780378037803,44.60013501350135,3.4878487848784876,23860.0,492551.0
47037,2011,1.519044911881751,44.47053249952624,5.722948645063483,20400.0,517154.0
47037,2015,1.5297172533179457,44.548951721484904,2.8659357568763224,25000.0,553755.0
47037,2019,1.51440329218107,44.41358024691358,2.431724653946876,32850.0,572832.0
47065,2015,1.5310614128505502,48.99361022364217,2.8044018459353923,21600.0,292187.0
47065,2019,1.5317089452603472,48.72062750333778,2.369826435246996,26925.0,303971.0
47125,2007,1.5091863517060367,42.59667541557305,4.724409448818897,22000.0,118535.0
47125,2011,1.5297951582867784,42.568901303538176,6.890130353817504,17500.0,135687.0
47149,2007,1.5352190793122573,42.22185246810871,4.603438713255685,22700.0,187027.0
47149,2011,1.5175370226032736,42.56586126266563,6.001558846453625,19200.0,210058.0
47149,2015,1.509236145781328,44.579630554168745,2.4962556165751373,25000.0,237281.0
47149,2019,1.5079202861522738,44.88502810424119,1.890648952478283,29000.0,264775.0
47157,2007,1.5341595170003177,46.088973625675244,4.7664442326024785,20950.0,707815.0
47157,2011,1.5414561664190194,46.25245170876671,7.013372956909361,18000.0,736003.0
47157,2015,1.5362183961532496,47.089498991779124,4.684349309756477,20000.0,739694.0
47157,2019,1.532603366563164,48.61758457264259,3.268507926131721,25000.0,738968.0
47165,2015,1.5204755614266843,48.4775429326288,2.4438573315719947,28000.0,140504.0
47165,2019,1.5225921521997623,48.558263971462544,1.426872770511296,30550.0,154536.0
47179,2007,1.523590333716916,46.791714614499426,3.452243958573072,18000.0,95505.0
47179,2011,1.519447929736512,47.26097867001255,4.0150564617314926,14400.0,103386.0
47179,2015,1.503901895206243,47.48829431438127,4.013377926421405,17000.0,106355.0
47179,2019,1.5179856115107915,48.27235354573484,3.6998972250770814,22100.0,109554.0
47187,2007,1.5160409556313994,44.37542662116041,2.457337883959044,33600.0,130662.0
47187,2011,1.514,47.314,3.3000000000000003,30000.0,143301.0
47187,2015,1.5166666666666666,48.09880952380952,2.0238095238095237,36000.0,164392.0
47187,2019,1.5178571428571428,47.83820346320346,1.1363636363636365,40000.0,186826.0
47189,2015,1.5414746543778801,48.42857142857143,3.3410138248847927,28000.0,103549.0
47189,2019,1.5109004739336493,48.38293838862559,2.748815165876777,32000.0,116541.0
48000,2007,1.5139774847049923,46.52980080616757,3.0420433347682594,19000.0,7066523.0
48000,2011,1.5090970038838543,47.60528019234326,4.376271499907528,18000.0,7534660.0
48000,2015,1.5023021403683425,49.776899784303964,2.7916044466567116,18400.0,3816981.0
48000,2019,1.5018650793650794,50.80759920634921,2.005952380952381,21600.0,3931412.0
48027,2015,1.5084327437268614,44.04648292883587,4.195804195804196,20000.0,256081.0
48027,2019,1.5206489675516224,45.72271386430678,3.5029498525073746,24000.0,279148.0
48029,2007,1.527961834084283,44.707306299143035,3.542715787613747,20000.0,1222007.0
48029,2011,1.5292458309134656,45.57512652451672,5.052683979092342,17000.0,1360779.0
48029,2015,1.5204230488694384,46.2089715536105,3.012399708242159,21000.0,1485643.0
48029,2019,1.5171954145561184,46.41835510530525,2.479338842975207,25000.0,1581258.0
48039,2007,1.4975908891809022,44.837932544897065,2.4091108190976787,24000.0,225917.0
48039,2011,1.488141440275981,45.884001724881415,3.7947391116860714,20000.0,246512.0
48039,2015,1.4836396234872256,46.835948005378754,3.5410129986553116,25000.0,271157.0
48039,2019,1.482690794649882,47.77183320220299,2.006294256490952,26000.0,292281.0
48041,2007,1.5029239766081872,39.13700918964077,2.2556390977443606,15000.0,138697.0
48041,2011,1.4855233853006682,38.25983667409057,4.8997772828507795,10200.0,163139.0
48041,2015,1.4938846825859056,37.96796738497379,1.5142690739662201,14000.0,177459.0
48041,2019,1.493764172335601,39.94444444444444,2.0975056689342404,18000.0,188528.0
48061,2007,1.5410557184750733,44.98900293255132,3.3724340175953076,11000.0,275560.0
48061,2011,1.5305365296803652,45.42323059360731,6.021689497716895,10300.0,300548.0
48061,2015,1.5328990228013029,46.261563517915306,3.811074918566775,12000.0,313131.0
48061,2019,1.5381423555697415,48.1279923396106,2.5215448451962974,15000.0,319033.0
48085,2007,1.5160521005320124,42.63309484498257,2.733443404879839,33400.0,555975.0
48085,2011,1.5194944301628106,44.670736932305054,4.305912596401028,30000.0,619411.0
48085,2015,1.5218826230449132,45.72377672549864,2.3676280671545413,35000.0,711171.0
48085,2019,1.519142609342089,46.042497831743276,2.5647379506876473,38000.0,819439.0
48091,2015,1.5194532071503681,51.0546792849632,1.6824395373291272,27000.0,104988.0
48091,2019,1.519031141868512,51.73702422145329,1.2110726643598615,35000.0,127458.0
48113,2007,1.525052793242465,43.67210597043579,4.005887246432457,21000.0,1801338.0
48113,2011,1.5243048070704894,44.54165768484587,6.229790903211899,20000.0,1853902.0
48113,2015,1.5218483437123869,45.014495787325345,3.098016641373175,22100.0,1973474.0
48113,2019,1.5125799133842028,45.755104145184575,2.804702000412456,28000.0,2064104.0
48121,2007,1.5178610088763802,41.39315869235765,3.810348560294436,30000.0,475485.0
48121,2011,1.5202170963364994,43.42605156037992,5.1831750339213025,25000.0,529504.0
48121,2015,1.5222256284488045,44.050889025137955,3.126916002452483,30000.0,612324.0
48121,2019,1.5197461212976022,45.49492242595205,2.2849083215796897,36000.0,711531.0
48135,2007,1.5235655737704918,45.131147540983605,3.1762295081967213,17850.0,99577.0
48135,2011,1.5082536924413554,46.52128583840139,2.6933101650738487,18900.0,104858.0
48135,2015,1.51044776119403,44.60099502487562,3.2835820895522385,22600.0,119196.0
48135,2019,1.4929006085192698,45.40973630831643,1.8255578093306288,26000.0,123381.0
48139,2007,1.5064935064935066,45.03652597402598,3.7337662337662336,23000.0,109407.0
48139,2011,1.5222672064777327,44.93198380566802,5.668016194331984,20400.0,116882.0
48139,2015,1.5205992509363295,46.66591760299625,2.0224719101123596,25000.0,127962.0
48139,2019,1.5161683953630263,48.28370957901159,2.1354484441732766,30000.0,144353.0
48141,2007,1.54,43.17066666666667,4.552380952380952,12000.0,537688.0
48141,2011,1.522136331693605,45.36314125087843,4.954321855235419,12500.0,618415.0
48141,2015,1.5294722412611377,46.12508567511995,3.598355037697053,15000.0,641365.0
48141,2019,1.5223320831912717,47.427719058983975,2.9662461643368565,18000.0,652302.0
48157,2007,1.5147058823529411,43.242374727668846,2.559912854030501,25250.0,394334.0
48157,2011,1.5256854711629373,45.83233532934132,3.750393948944217,25000.0,461054.0
48157,2015,1.5165738530893662,45.764253513656854,2.81092548395651,27600.0,552347.0
48157,2019,1.516010978956999,48.17337602927722,2.2186642268984444,32000.0,628774.0
48167,2007,1.5123859191655802,46.8735332464146,3.129074315514994,22400.0,222057.0
48167,2011,1.5122559202326546,47.88824262567511,6.314914831740756,21000.0,233751.0
48167,2015,1.5328250741211351,48.30537907666243,3.6848792884371027,21200.0,257224.0
48167,2019,1.5115070527097254,49.530809205642164,2.7468448403860433,29000.0,274389.0
48183,2015,1.5099894847528916,48.2397476340694,3.0494216614090432,20000.0,97086.0
48183,2019,1.5009596928982725,48.33109404990403,1.8234165067178503,21600.0,97577.0
48187,2015,1.5226209048361934,47.97425897035881,1.794071762870515,24750.0,119030.0
48187,2019,1.5074931880108993,49.42506811989101,2.3841961852861036,30000.0,132322.0
48201,2007,1.5193573978579928,43.249305831019434,3.958746529155097,21000.0,2982880.0
48201,2011,1.5168141592920354,44.51048180924287,5.781710914454277,19100.0,3196848.0
48201,2015,1.5165709080717489,44.85492572869955,3.5208800448430493,22000.0,3508357.0
48201,2019,1.513910618325284,46.292327052581456,3.0474117406979118,25500.0,3671386.0
48209,2015,1.527818448023426,43.77672035139092,2.855051244509517,23000.0,157198.0
48209,2019,1.5192936559843035,45.89601046435579,2.877697841726619,30000.0,185867.0
48215,2007,1.5364333652924258,43.23465963566635,4.697986577181208,10000.0,491379.0
48215,2011,1.5317422434367542,43.50835322195704,6.420047732696897,9700.0,567111.0
48215,2015,1.5305759395152323,44.628196575494776,4.4474093840338,12000.0,607039.0
48215,2019,1.5196099215603138,44.90693237227051,3.285986856052576,14300.0,636730.0
48245,2007,1.4841427155599602,47.4400396432111,3.5678889990089195,15500.0,194007.0
48245,2011,1.496059889676911,46.996059889676914,6.107171000788022,14900.0,202924.0
48245,2015,1.4842967683204369,49.26081019572144,3.2771961766044604,17440.0,205577.0
48245,2019,1.4833641404805915,48.533271719038815,2.2181146025878005,19600.0,201468.0
48251,2007,1.5037220843672456,45.56410256410256,2.481389578163772,22000.0,117786.0
48251,2011,1.5144987572493787,46.70173985086993,5.219552609776304,20000.0,118347.0
48251,2015,1.5173716012084593,47.623111782477345,2.56797583081571,21755.0,125924.0
48251,2019,1.49772283669486,48.590761223162005,1.951854261548471,26400.0,138067.0
48257,2015,1.5220966084275436,49.23843782117164,3.0832476875642345,26600.0,87818.0
48257,2019,1.5261410788381742,47.960165975103735,2.323651452282158,28250.0,104679.0
48303,2007,1.512036108324975,44.55867602808425,3.1093279839518555,18000.0,206588.0
48303,2011,1.517757809157039,44.52545999144202,3.8938810440735985,18000.0,226391.0
48303,2015,1.508932280847528,45.496468633153306,1.9526381387619443,20000.0,238892.0
48303,2019,1.5088666152659984,46.52852737085582,2.274479568234387,24000.0,249106.0
48309,2007,1.5277645942097768,46.0374940673944,3.939250118652112,18000.0,178682.0
48309,2011,1.515472312703583,45.83794788273616,4.478827361563518,15665.0,188895.0
48309,2015,1.5324374420759963,46.68628359592215,2.9193697868396664,19200.0,195865.0
48309,2019,1.516038492381716,45.673215717722535,1.6840417000801924,23500.0,203971.0
48329,2007,1.5514705882352942,46.95273109243698,1.9957983193277309,20000.0,96515.0
48329,2011,1.5088183421516754,45.85008818342152,2.4691358024691357,21400.0,108146.0
48329,2015,1.5,45.443661971830984,2.61569416498994,28800.0,123977.0
48329,2019,1.5034168564920274,47.02277904328018,1.2528473804100226,34000.0,133054.0
48339,2015,1.516431924882629,48.46731672083785,2.925243770314193,26100.0,418267.0
48339,2019,1.5167883211678832,47.93518248175182,2.0437956204379564,30000.0,475354.0
48355,2015,1.5174696579624862,47.11695476278043,3.604266274365576,20000.0,285092.0
48355,2019,1.5127840909090908,48.70099431818182,3.196022727272727,23200.0,289393.0
48367,2015,1.523513753327418,49.284826974267965,2.839396628216504,27000.0,101124.0
48367,2019,1.5120481927710843,50.96536144578313,1.7319277108433735,30000.0,113630.0
48375,2007,1.5224839400428265,45.819057815845824,3.1049250535331905,15700.0,92296.0
48375,2011,1.5201214882308276,46.702353834472284,4.25208807896735,15000.0,93130.0
48375,2015,1.4908916586768937,47.74880153403643,2.205177372962608,17200.0,92633.0
48375,2019,1.4876325088339222,49.38250883392226,1.8551236749116609,17800.0,90517.0
48381,2007,1.5451776649746194,47.146192893401015,2.131979695431472,25000.0,90682.0
48381,2011,1.5319693094629157,47.29582267689685,2.9838022165387894,23800.0,98087.0
48381,2015,1.5245628642797668,47.373022481265615,1.4154870940882598,28700.0,104152.0
48381,2019,1.5256797583081572,47.83081570996979,1.5861027190332326,30700.0,109917.0
48423,2007,1.5328115593016256,46.83684527393137,3.491872366044552,19000.0,155697.0
48423,2011,1.5259082787373437,46.4907683144729,5.539011316259678,17100.0,168698.0
48423,2015,1.5260922330097086,46.71966019417476,2.7912621359223304,20000.0,176559.0
48423,2019,1.5329206527855936,49.15250422059651,3.0388294879009567,22800.0,185451.0
48439,2015,1.5263710863626812,46.10793584086293,2.7806962246970652,25000.0,1538063.0
48439,2019,1.5198496144777927,46.71350283565921,2.561651691837125,30000.0,1648243.0
48441,2007,1.5166666666666666,45.601851851851855,1.8518518518518516,18050.0,99620.0
48441,2011,1.5367807720320465,47.6504005826657,2.9133284777858703,18300.0,106147.0
48441,2015,1.5007751937984497,46.708527131782944,3.10077519379845,20000.0,107192.0
48441,2019,1.5308823529411764,46.62647058823529,1.1764705882352942,23000.0,109983.0
48451,2015,1.5226293103448276,47.69396551724138,1.8318965517241377,20425.0,94580.0
48451,2019,1.5162986330178758,49.603575184016826,1.7875920084121977,24400.0,95102.0
48453,2015,1.5049371633752244,43.4653276481149,2.6929982046678633,29500.0,950019.0
48453,2019,1.4974954705318129,43.96760098049664,2.152829585420441,38000.0,1048128.0
48479,2007,1.538978494623656,41.090053763440864,4.56989247311828,10310.0,157267.0
48479,2011,1.5311671087533156,43.265251989389924,3.7798408488063657,9400.0,182352.0
48479,2015,1.5400990099009901,43.06435643564357,3.5148514851485153,12400.0,193169.0
48479,2019,1.5271504084574723,43.88707352234503,3.5079288803459874,14400.0,202520.0
48485,2007,1.5047210300429184,46.62575107296137,2.317596566523605,17800.0,100762.0
48485,2011,1.4910394265232976,47.148387096774194,3.584229390681003,18000.0,104525.0
48485,2015,1.4889228418640184,47.23071046600458,2.5210084033613445,17000.0,108949.0
48485,2019,1.5015552099533438,47.37947122861586,2.2550544323483668,20700.0,106315.0
48491,2007,1.5203619909502262,43.579939668174966,3.092006033182504,30000.0,283322.0
48491,2011,1.5271285475792988,45.51252086811352,4.716193656093489,26150.0,335698.0
48491,2015,1.5233644859813085,46.654205607476634,2.5100133511348464,31400.0,395912.0
48491,2019,1.5169567157518964,47.82240071396698,2.565818830879072,39000.0,466881.0
49000,2007,1.5051277594298627,44.348861463584214,2.2075438901442723,19000.0,480139.0
49000,2011,1.5075533406011525,46.00700825416602,5.077090795826195,17000.0,508316.0
49000,2015,1.4996530187369883,45.62734212352533,2.220680083275503,20000.0,430247.0
49000,2019,1.5075293728280654,45.79530034750952,1.6713552871090518,24000.0,466711.0
49011,2007,1.5135790494665373,41.85499515033948,1.939864209505335,23000.0,209041.0
49011,2011,1.5080321285140563,43.045682730923694,2.961847389558233,22200.0,221776.0
49011,2015,1.498991935483871,43.45967741935484,2.4193548387096775,25000.0,241423.0
49011,2019,1.5076335877862594,44.33418150975403,1.6115351993214586,28250.0,261604.0
49035,2007,1.5078751857355126,42.59316493313521,2.2436849925705795,23550.0,757203.0
49035,2011,1.505973881633787,43.24103917754932,5.126424006668519,21005.0,791127.0
49035,2015,1.5142695676744844,44.37411698219836,2.5430912687199774,25000.0,846945.0
49035,2019,1.4993638676844783,44.19452926208651,1.7048346055979644,30000.0,904097.0
49049,2007,1.5145278450363195,38.69249394673123,1.8462469733656173,16250.0,339431.0
49049,2011,1.5133750711439955,40.22595332953899,4.410927717700626,13000.0,369208.0
49049,2015,1.5063213703099512,39.57218597063621,2.345024469820555,16000.0,406802.0
49049,2019,1.5115653577192039,40.07351622736238,2.2772099695176617,20000.0,460922.0
49053,2015,1.5381165919282511,49.06502242152467,2.130044843049327,20000.0,120898.0
49053,2019,1.5293551491819057,51.50721847930703,1.9249278152069296,24000.0,140479.0
49057,2007,1.5084525357607281,44.06762028608583,2.990897269180754,22000.0,167246.0
49057,2011,1.5017921146953406,44.95340501792115,4.301075268817205,20000.0,174913.0
49057,2015,1.4919254658385093,45.50683229813664,3.354037267080745,23000.0,183383.0
49057,2019,1.505564387917329,44.27768945416004,1.5898251192368837,28000.0,198493.0
5000,2007,1.5247569268813579,48.31388748384196,3.669982577418086,16000.0,1656334.0
5000,2011,1.5190823989301512,49.25336899495937,4.624009875527209,15000.0,1700878.0
5000,2015,1.5225666425510602,50.11302799265402,3.005175580165841,16800.0,1611904.0
5000,2019,1.5191867437043498,50.299247792434315,2.496456993350049,20000.0,1616498.0
50000,2007,1.5096887844979447,47.98473282442748,3.0338618124877668,23230.0,512987.0
50000,2011,1.5148426323319026,48.40343347639485,4.005722460658083,23000.0,524676.0
50000,2015,1.5027502750275028,49.64466446644664,2.42024202420242,26400.0,531232.0
50000,2019,1.5079894644424934,51.13731343283582,1.861281826163301,30000.0,533574.0
5007,2007,1.508130081300813,45.85840108401084,3.997289972899729,20000.0,155316.0
5007,2011,1.5030782761653474,46.229551451187334,2.990325417766051,20000.0,173480.0
5007,2015,1.5177453027139876,46.28757828810021,2.2964509394572024,24650.0,193092.0
5007,2019,1.5088235294117647,46.437745098039215,1.4215686274509804,28000.0,218368.0
51000,2007,1.5192915592422374,46.26201098531555,2.6409595336845646,24800.0,4326804.0
51000,2011,1.512868236955266,47.43582996384485,4.034828744410928,21800.0,4584509.0
51000,2015,1.5159007017401533,47.772563176895304,2.9874660284752363,24300.0,4689141.0
51000,2019,1.5123313261392317,48.82527474711342,2.1244460343011586,30000.0,4766957.0
51013,2007,1.498406628425749,43.762268961121734,1.7208413001912046,50000.0,173407.0
51013,2011,1.507682030728123,43.736138944555776,2.8724114896459585,50000.0,185648.0
51013,2015,1.5264900662251655,43.04139072847682,3.0353200883002205,60000.0,193478.0
51013,2019,1.507164790174002,43.3582395087001,1.586489252814739,68250.0,199330.0
51041,2007,1.524990605035701,44.555806087936865,2.7433295753476137,30000.0,237331.0
51041,2011,1.5199692780337941,46.25691244239631,4.185867895545315,28350.0,253955.0
51041,2015,1.528230390299356,46.91511936339523,3.4482758620689653,30000.0,270119.0
51041,2019,1.5230125523012552,48.17611259033853,2.2441993153290225,35000.0,285027.0
51087,2007,1.545813239807102,46.79131959666813,3.419552827707146,30000.0,229553.0
51087,2011,1.5457627118644068,47.33771186440678,4.364406779661016,26000.0,249140.0
51087,2015,1.537489102005231,48.26809067131648,3.051438535309503,32000.0,261949.0
51087,2019,1.5467532467532468,49.592207792207795,1.6883116883116882,35000.0,269332.0
51107,2015,1.5193021529324424,45.17149220489978,2.1529324424647367,48000.0,283301.0
51107,2019,1.5099705786204642,45.92775416802877,1.6018306636155606,58000.0,318134.0
5119,2007,1.533387622149837,46.107899022801305,4.356677524429967,22000.0,293749.0
5119,2011,1.5429203539823009,48.21017699115044,4.424778761061947,21050.0,309148.0
5119,2015,1.5394038383013475,48.413229889750916,2.735810534912209,23000.0,313622.0
5119,2019,1.5420751633986929,49.490196078431374,2.4101307189542487,27000.0,315446.0
5125,2015,1.5199468085106382,49.38297872340426,2.5265957446808507,24000.0,94398.0
5125,2019,1.5070603337612323,49.70603337612324,2.1822849807445444,28650.0,99561.0
5143,2007,1.515024458420685,44.75331935709294,2.86512928022362,19250.0,149229.0
5143,2011,1.5255847953216375,44.17251461988304,4.093567251461988,17000.0,161382.0
5143,2015,1.5072164948453608,43.87216494845361,3.161512027491409,20000.0,176509.0
5143,2019,1.5061804697156984,44.21878862793572,3.15203955500618,21060.0,191691.0
51510,2007,1.5294117647058822,44.38187078109932,2.2179363548698166,50000.0,116527.0
51510,2011,1.5480176211453744,45.51277533039647,4.757709251101322,50000.0,122638.0
51510,2015,1.528395061728395,45.241975308641976,2.139917695473251,56400.0,128838.0
51510,2019,1.5292331055429005,46.195899772209565,1.8223234624145785,73000.0,134169.0
51550,2007,1.5152561888313183,44.472078295912496,2.8209556706966032,25000.0,172298.0
51550,2011,1.4994444444444444,45.97666666666667,5.5,23700.0,178096.0
51550,2015,1.4969512195121952,46.50060975609756,2.5609756097560976,28000.0,188087.0
51550,2019,1.5080845771144278,47.77674129353234,2.300995024875622,32000.0,195643.0
51650,2007,1.5436982520699172,45.264949402023916,3.4958601655933763,22000.0,118736.0
51650,2011,1.5478821362799264,45.916206261510126,5.70902394106814,22000.0,110509.0
51650,2015,1.5318275154004106,46.66016427104723,2.8747433264887063,23250.0,111581.0
51650,2019,1.5416666666666667,47.73313492063492,2.4801587301587302,27250.0,110457.0
51700,2007,1.517725258493353,43.72230428360414,4.431314623338257,21500.0,137551.0
51700,2011,1.510135135135135,43.78108108108108,6.418918918918918,21145.0,143342.0
51700,2015,1.5407463823305407,45.57044935262757,4.417364813404418,22000.0,146070.0
51700,2019,1.511751326762699,46.49279757391964,3.4874905231235784,25000.0,144022.0
51710,2007,1.5050397877984085,43.65145888594164,3.9257294429708227,20400.0,184117.0
51710,2011,1.5212121212121212,42.89732620320856,7.2727272727272725,19200.0,198935.0
51760,2007,1.54337899543379,43.631441617742986,4.500978473581213,20000.0,162008.0
51760,2011,1.5466284074605452,43.5298900047824,6.743185078909613,16700.0,172437.0
51760,2015,1.5460559796437658,43.3852417302799,4.987277353689567,20000.0,184923.0
51760,2019,1.5419651995905834,42.77584442169908,2.8147389969293757,30000.0,196716.0
51810,2007,1.520138089758343,44.567318757192176,2.5604142692750287,28000.0,345371.0
51810,2011,1.5201288244766507,45.1808910359635,3.4889962426194314,28000.0,355463.0
51810,2015,1.5173253925284245,46.408229561451,3.167298321602599,29000.0,368330.0
51810,2019,1.5165784341042072,48.00362217887991,2.2847589857899133,34000.0,367282.0
53000,2007,1.5094310921813203,48.933526011560694,3.0727106784301794,20000.0,1114515.0
53000,2011,1.503300437879877,49.4761780275799,5.542121429971898,18800.0,1179269.0
53000,2015,1.511803080234044,50.692649135785864,2.999529221871007,21800.0,1212542.0
53000,2019,1.5070748963161746,51.373627714076605,2.5372041961454013,26500.0,1289430.0
53011,2007,1.5214983713355048,45.71954397394137,4.299674267100977,25000.0,330325.0
53011,2011,1.5236278250660404,47.284414440857056,6.545347813325507,23000.0,340383.0
53011,2015,1.5117259552042162,48.195256916996044,3.0566534914361,26000.0,365964.0
53011,2019,1.5124823363165332,48.71691003297221,2.5435704192180877,31090.0,393749.0
53033,2007,1.5114624505928853,45.01796622349982,2.766798418972332,30004.0,1527188.0
53033,2011,1.5128288194894388,46.15070623299209,5.5397175068031625,28000.0,1621763.0
53033,2015,1.5104802668848745,46.17857367659092,3.0716938377289607,33400.0,1746642.0
53033,2019,1.5076329281640648,46.60285730744859,2.344605103980644,41900.0,1874207.0
53035,2007,1.504352278545827,46.67741935483871,3.789042498719918,25000.0,191137.0
53035,2011,1.4995652173913043,46.96434782608696,5.217391304347826,22985.0,209116.0
53035,2015,1.5089845382365232,47.71207689093188,3.134141245298788,26400.0,215596.0
53035,2019,1.4987070557813078,48.21315108976727,2.253417066863687,31200.0,226007.0
53053,2007,1.5073529411764706,44.45435049019608,3.2935049019607843,26205.0,609590.0
53053,2011,1.5271657108361003,46.45970419559312,6.459402354361606,24000.0,643998.0
53053,2015,1.5130737134909598,46.64937413073714,3.6578581363004172,26400.0,677983.0
53053,2019,1.5156908028800435,47.41461757913327,2.5811710365439477,34200.0,727619.0
53061,2007,1.5032160423760879,44.819901626939085,3.2917139614074915,28600.0,536499.0
53061,2011,1.5101710171017102,46.45346534653466,6.390639063906391,25300.0,578945.0
53061,2015,1.501781774987273,47.46580688952995,3.0714406923468522,30000.0,624733.0
53061,2019,1.5027239709443099,47.68628934624697,2.2548426150121066,36000.0,667128.0
53063,2007,1.516111707841031,46.03168635875403,4.001074113856069,20590.0,368819.0
53063,2011,1.5114485418173054,46.15594119064835,5.977343938298385,19000.0,383754.0
53063,2015,1.5077204920177965,47.604553781732534,4.004187385501178,21000.0,399138.0
53063,2019,1.5106904231625835,47.16792873051225,3.4521158129175946,25000.0,426975.0
53067,2007,1.517141196978501,47.06624055781522,3.021499128413713,26700.0,194560.0
53067,2011,1.5309210526315788,46.87434210526316,5.197368421052632,25000.0,209264.0
53067,2015,1.525165226232842,49.00711743772242,3.457041179461108,28500.0,220930.0
53067,2019,1.5092134831460675,49.13932584269663,3.191011235955056,32200.0,239977.0
53073,2007,1.5244147157190635,44.78127090301003,4.147157190635451,18800.0,160333.0
53073,2011,1.5101897399859452,46.50948699929726,6.043569922698524,18000.0,170224.0
53073,2015,1.5076209410205434,46.34724983432737,3.7110669317428764,21000.0,177265.0
53073,2019,1.5185621685327049,47.92221567472009,3.7124337065409545,27400.0,192419.0
53077,2007,1.4982864976010966,45.75942426319397,5.68882796435915,16500.0,174422.0
53077,2011,1.5104629042485733,46.83259353202283,5.263157894736842,16700.0,184461.0
53077,2015,1.4970382337102854,46.26978998384491,4.254173397953688,18000.0,186186.0
53077,2019,1.5069370330843117,46.47758804695838,3.84204909284952,22000.0,189523.0
54000,2007,1.5212710765239947,48.936316472114136,2.9571984435797662,16300.0,1491148.0
54000,2011,1.5185493688729417,49.185685910168516,4.030242839751393,16000.0,1536064.0
54000,2015,1.5184799583550235,49.954385736595526,3.1103591879229566,19000.0,1531781.0
54000,2019,1.5160458822013145,51.23804613996649,2.622760665034154,21600.0,1496376.0
55000,2007,1.5048097708603545,47.791423476005185,3.353329009943796,22800.0,3244842.0
55000,2011,1.5014328847039558,49.05122562816642,4.618494447571772,21200.0,3301920.0
55000,2015,1.4950889679715302,50.95711743772242,2.110320284697509,25000.0,1883662.0
55000,2019,1.4941220695782926,51.91917845670152,1.500239218098558,30000.0,1911973.0
55009,2007,1.5047683923705721,44.585149863760215,2.656675749318801,23400.0,192241.0
55009,2011,1.5039653929343908,45.46286950252343,4.325883201153569,20000.0,201405.0
55009,2015,1.5048041389504805,46.914264597191426,2.5129342202512936,26000.0,204888.0
55009,2019,1.5179806362378976,46.69363762102351,1.7289073305670817,30000.0,214000.0
55025,2007,1.51416048550236,44.89514497639919,2.05664194200944,30000.0,386980.0
55025,2011,1.507719298245614,45.22,3.7894736842105265,29000.0,405552.0
55025,2015,1.5065634466509592,45.591719959609556,1.9185459441265569,30900.0,432088.0
55025,2019,1.5065379825653797,45.77459526774595,1.5255292652552928,38000.0,452528.0
55059,2007,1.5183982683982684,44.51948051948052,3.787878787878788,22000.0,129679.0
55059,2011,1.5211640211640212,45.9431216931217,8.73015873015873,19400.0,130815.0
55059,2015,1.5135467980295567,46.54679802955665,3.32512315270936,23000.0,134700.0
55059,2019,1.5149253731343284,48.16044776119403,3.233830845771144,30000.0,137986.0
55063,2007,1.5032851511169514,46.39421813403417,2.4967148488830486,24500.0,92078.0
55063,2011,1.5371794871794873,44.34871794871795,4.102564102564102,21000.0,95719.0
55063,2015,1.5281862745098038,45.61642156862745,2.083333333333333,21000.0,98544.0
55063,2019,1.5051948051948052,46.63896103896104,2.3376623376623376,28000.0,98137.0
55073,2007,1.502262443438914,46.59502262443439,3.092006033182504,24500.0,107265.0
55073,2011,1.498197548666186,49.17375630857967,4.037490987743331,23000.0,108205.0
55073,2015,1.4821428571428572,49.57298136645963,1.2422360248447204,28000.0,110414.0
55073,2019,1.4836601307189543,49.460421205519246,0.944081336238199,31010.0,110015.0
55079,2015,1.5337435490273919,45.77471218737594,3.7316395394998016,21500.0,761933.0
55079,2019,1.527207283506246,46.976921448232055,2.096125344060978,28000.0,754116.0
55087,2015,1.4914675767918089,46.76450511945392,1.5358361774744027,28000.0,147288.0
55087,2019,1.5024916943521596,48.71594684385382,1.495016611295681,33050.0,151104.0
55101,2007,1.5059797608095675,46.797608095676175,2.667893284268629,25000.0,153090.0
55101,2011,1.4892623716153128,47.568627450980394,5.695611577964519,20800.0,156617.0
55101,2015,1.4769673704414588,47.41938579654511,3.45489443378119,24050.0,157161.0
55101,2019,1.491658488714426,50.83218842001963,1.4720314033366046,29800.0,159142.0
55105,2007,1.5067049808429118,46.88793103448276,4.310344827586207,24200.0,126641.0
55105,2011,1.5288288288288288,47.736936936936935,6.126126126126126,20600.0,127541.0
55105,2015,1.4943820224719102,48.651685393258425,3.5580524344569286,24000.0,129685.0
55105,2019,1.4990654205607477,49.188785046728974,2.710280373831776,29000.0,133493.0
55117,2007,1.4915422885572138,47.39402985074627,3.084577114427861,22200.0,93740.0
55117,2011,1.494541484716157,48.78056768558952,4.585152838427948,23300.0,91970.0
55117,2015,1.489384288747346,49.21868365180467,1.5923566878980893,25000.0,93416.0
55117,2019,1.4958071278825995,51.18238993710692,1.257861635220126,31200.0,93657.0
55127,2015,1.5061425061425062,48.761670761670764,1.8427518427518428,24850.0,84693.0
55127,2019,1.4823529411764707,49.85058823529412,1.8823529411764703,29900.0,86697.0
55133,2015,1.5153746210480727,49.58553486357731,1.5158077089649198,35700.0,326479.0
55133,2019,1.520390824129142,50.53738317757009,1.4868309260832626,38000.0,336346.0
55139,2015,1.4929701230228472,48.123022847100174,1.3181019332161688,25000.0,140965.0
55139,2019,1.4797535211267605,49.484154929577464,0.7922535211267605,30000.0,143027.0
56000,2007,1.5021995832368604,47.199583236860384,1.898587636026858,24000.0,417164.0
56000,2011,1.5047984644913628,47.32544252505865,3.198976327575176,24000.0,455334.0
56000,2015,1.4995769881556684,48.26501692047378,3.0245346869712355,26460.0,467635.0
56000,2019,1.5043068088597211,48.77358490566038,2.3379819524200167,29850.0,466250.0
6000,2007,1.4895306229279357,47.64133659047287,4.144128424358751,18900.0,1075365.0
6000,2011,1.4746825396825396,48.28801587301587,6.873015873015873,15600.0,1090800.0
6000,2015,1.4848384424192211,49.23769676884839,3.786246893123447,19500.0,1101664.0
6000,2019,1.4824230220656096,50.70870039432838,2.7435187515731188,24000.0,1113256.0
6001,2007,1.5191519686442188,44.98904329235703,3.812577944058436,27900.0,1178087.0
6001,2011,1.5219221057464227,45.49598286020353,6.687581299257786,23000.0,1245367.0
6001,2015,1.5202181148643863,45.848877558246585,3.4487642518235253,30000.0,1348581.0
6001,2019,1.5127014476918874,46.682532095056,2.553947009013931,40000.0,1387330.0
6007,2007,1.5170394036208732,47.408413205537805,5.324813631522897,16800.0,181560.0
6007,2011,1.5203969128996693,47.50661521499449,9.26130099228225,15345.0,183654.0
6007,2015,1.519578313253012,49.08132530120482,4.819277108433735,17000.0,188308.0
6007,2019,1.5237592397043294,47.77243928194298,3.37909186906019,19950.0,182928.0
6013,2007,1.5266552586547322,46.74805844412268,3.3039357641174147,30000.0,812429.0
6013,2011,1.5193060996082821,48.251398992725235,6.547285954113039,25000.0,851963.0
6013,2015,1.522117387575052,48.40632275456439,3.4922190907976964,30000.0,910789.0
6013,2019,1.5212373587150505,49.56228435455086,2.2724568709101725,39000.0,941215.0
6017,2007,1.5023728813559323,48.826440677966104,2.2372881355932206,27700.0,145271.0
6017,2011,1.4992412746585735,50.756449165402124,6.828528072837632,25000.0,149699.0
6017,2015,1.503914590747331,51.88967971530249,3.8434163701067616,28900.0,154012.0
6017,2019,1.506117192530586,51.3354797166774,2.5112685125563425,36700.0,161702.0
6019,2007,1.5171790235081375,43.819168173598555,4.957805907172996,16800.0,679444.0
6019,2011,1.4952754760866405,44.472016281436254,8.823956970489895,12900.0,711398.0
6019,2015,1.516973125884017,45.05148514851485,5.162659123055162,15000.0,739427.0
6019,2019,1.5239021678710394,46.1692607003891,4.307948860478043,20000.0,764086.0
6023,2007,1.5092879256965945,46.25,3.018575851393189,18000.0,107169.0
6023,2011,1.5114054451802796,47.99484915378955,6.475349521707138,19100.0,112099.0
6023,2015,1.4996156802459646,48.92236740968486,4.227517294388932,20000.0,112739.0
6023,2019,1.4958471760797343,49.90448504983389,4.235880398671096,22950.0,113845.0
6025,2007,1.4799679487179487,43.77644230769231,4.887820512820513,11800.0,122062.0
6025,2011,1.4343922651933703,44.82044198895028,6.837016574585636,9000.0,134610.0
6025,2015,1.4361022364217253,44.19888178913738,7.188498402555911,9750.0,137880.0
6025,2019,1.435759209344115,44.9937106918239,3.8634321653189576,11200.0,138024.0
6029,2007,1.474830830169995,42.408813335533914,5.413434560158442,15000.0,595707.0
6029,2011,1.4713448388147183,43.33816346466949,7.701074568544448,13000.0,640397.0
6029,2015,1.4808243727598567,44.89229390681004,5.32258064516129,15000.0,663090.0
6029,2019,1.480528889693896,45.652961420032604,3.948560043470386,17400.0,684527.0
6031,2007,1.4393414211438476,42.02253032928943,4.592720970537262,12700.0,113661.0
6031,2011,1.3553398058252428,42.922330097087375,5.436893203883495,10200.0,118097.0
6031,2015,1.3818615751789975,43.15115354017502,3.659506762132061,10300.0,115975.0
6031,2019,1.40935192780968,43.41181296144381,2.3789991796554553,14000.0,118146.0
6037,2007,1.5198100272803088,44.04417148430322,3.9648324310571468,19000.0,7760857.0
6037,2011,1.5199507948071802,44.75213481267392,7.386750426962535,15820.0,7950210.0
6037,2015,1.5167329415490727,45.375760988140904,4.504345990076362,19000.0,8283463.0
6037,2019,1.5176259201298326,46.382194400973745,3.1693038891786935,25000.0,8258830.0
6039,2007,1.5465328467153285,44.981751824817515,4.927007299270073,15140.0,113370.0
6039,2011,1.610051993067591,44.89948006932409,3.3795493934142113,10000.0,117252.0
6039,2015,1.5403071017274472,47.12092130518234,3.262955854126679,15000.0,118714.0
6039,2019,1.5318761384335156,47.74134790528233,3.9162112932604733,17050.0,120934.0
6041,2007,1.5017614494212381,49.77554101660795,2.56668344237544,36000.0,205295.0
6041,2011,1.5084398976982096,51.979028132992326,4.501278772378517,30000.0,210965.0
6041,2015,1.5115718418514947,51.50867888138862,1.8804243008678883,35000.0,217115.0
6041,2019,1.534524384355384,52.935296957991305,2.5108643167551907,45000.0,218529.0
6047,2007,1.5125951962507322,43.193907439953136,5.916813122437024,15000.0,181796.0
6047,2011,1.5085858585858587,45.08535353535353,9.090909090909092,12835.0,193262.0
6047,2015,1.5213723284589427,46.02699662542182,5.230596175478065,16550.0,200938.0
6047,2019,1.5077962577962578,45.268191268191266,4.9376299376299375,20000.0,210922.0
6055,2007,1.496383363471971,46.93399638336347,2.5316455696202533,25350.0,109758.0
6055,2011,1.5069324090121317,49.33622183708839,5.892547660311958,22000.0,112507.0
6055,2015,1.520107238605898,49.88069705093834,2.1447721179624666,30000.0,116847.0
6055,2019,1.5191146881287727,50.929577464788736,1.676727028839705,37500.0,115156.0
6059,2007,1.518413829830814,44.957027569538326,3.2690180656261525,25000.0,2362561.0
6059,2011,1.5177115987460814,45.792319749216304,6.155956112852665,21000.0,2452077.0
6059,2015,1.5184894434574225,46.710407800685864,3.2268727017311907,23000.0,2580399.0
6059,2019,1.5125630059569268,47.818160989766305,2.4973270200091644,30000.0,2608993.0
6061,2007,1.5266524520255864,47.80277185501066,3.091684434968017,30000.0,272174.0
6061,2011,1.5263157894736843,50.08771929824562,6.359649122807018,24850.0,287634.0
6061,2015,1.5198836081474296,50.620433236340126,3.0067895247332688,30000.0,307001.0
6061,2019,1.506578947368421,51.08295194508009,2.059496567505721,38000.0,326072.0
6065,2007,1.5033851554663993,45.94502256770311,4.463390170511534,20000.0,1591929.0
6065,2011,1.498955902223314,46.537096179830485,8.696720304630881,16435.0,1729345.0
6065,2015,1.5127151156417844,47.43675326098871,4.987394497424093,19000.0,1858883.0
6065,2019,1.5059613319011815,48.92126745435016,3.1417830290010738,25000.0,1961736.0
6067,2007,1.521589107525879,44.943112934813016,4.448381982654108,25000.0,1088690.0
6067,2011,1.5178295980401053,46.285092096905906,8.728790490881046,19400.0,1136857.0
6067,2015,1.520170739872782,46.693003013056575,4.6953465015065285,21600.0,1200452.0
6067,2019,1.519740009629273,47.21954742416948,2.880757502808538,30000.0,1250450.0
6071,2007,1.5042297244858363,42.59627473806752,4.610011641443539,18100.0,1514473.0
6071,2011,1.5069655295588498,43.90525093766744,9.10876942311127,14500.0,1580897.0
6071,2015,1.5053313819778382,44.58227054150115,4.920203498501638,17000.0,1657072.0
6071,2019,1.5089722675367048,46.00863240891789,3.2558455682436107,22600.0,1704367.0
6073,2007,1.5083147832918686,44.60412029156301,3.4917725110209066,25000.0,2355859.0
6073,2011,1.5036407289329712,45.370803321919155,6.214822686661156,20400.0,2539928.0
6073,2015,1.506950727975652,46.19170025499712,3.792053960681089,23400.0,2691994.0
6073,2019,1.5051833022202805,46.98117329308496,2.8915279818882316,30000.0,2740155.0
6075,2007,1.5052721088435375,45.95051020408163,3.1122448979591835,30000.0,667543.0
6075,2011,1.502288148966388,46.57203724159697,5.112829414549471,26900.0,720047.0
6075,2015,1.502441125789776,45.83443423319931,3.5898908673176333,37000.0,764396.0
6075,2019,1.5001365374112507,46.17927362097215,2.4713271436373567,50200.0,780589.0
6077,2007,1.507726718178121,44.532736884912566,5.124034160227735,18850.0,510488.0
6077,2011,1.511407227942661,45.5455279628508,9.65071673733091,15600.0,528985.0
6077,2015,1.5064126053499451,46.06266031513375,5.844631733235618,16800.0,562297.0
6077,2019,1.4992867332382311,47.17617689015692,3.245363766048502,23000.0,592618.0
6079,2007,1.4973821989528795,48.04616849119467,3.3793431699190863,22000.0,221995.0
6079,2011,1.4829383886255925,47.98009478672986,5.308056872037914,18000.0,230987.0
6079,2015,1.5073394495412844,48.94587155963303,3.073394495412844,22650.0,237712.0
6079,2019,1.5029510961214165,48.83178752107926,2.2344013490725128,27400.0,242291.0
6081,2007,1.521854071201974,46.925449418399715,2.7317589002467395,34000.0,575611.0
6081,2011,1.5144974226804124,48.241140463917525,5.267396907216495,30125.0,591194.0
6081,2015,1.5169823133510723,48.22100485208953,3.005165127562999,35000.0,627651.0
6081,2019,1.5165363800360794,48.72068550811786,1.6386049308478652,50105.0,638171.0
6083,2007,1.5086181711948583,44.97341513292434,3.7394098743791995,21000.0,322125.0
6083,2011,1.5038309114927344,45.79128137384412,5.363276089828269,20000.0,347401.0
6083,2015,1.517712691771269,46.168200836820084,3.1799163179916317,22100.0,361218.0
6083,2019,1.5100725221595488,46.7641686811711,2.6322857910287403,27000.0,363972.0
6085,2007,1.5101058710298363,44.675427556082035,3.346412971052047,30000.0,1393579.0
6085,2011,1.5044054322623386,45.74216628022524,6.333222921497185,25000.0,1446985.0
6085,2015,1.5021543530604486,46.02198707388164,3.2442022557343813,30000.0,1549892.0
6085,2019,1.5041802549659058,46.44286984879929,2.2887637118292323,40200.0,1582424.0
6087,2007,1.512150389729482,45.311783585511236,4.034846400733608,24000.0,207018.0
6087,2011,1.5356223175965664,45.960944206008584,5.150214592274678,21650.0,218721.0
6087,2015,1.5250344510794671,46.45383555351401,3.261368856224162,21800.0,230174.0
6087,2019,1.5112262521588946,47.87219343696027,2.5906735751295336,30000.0,230706.0
6089,2007,1.5269655620532814,49.59324236517219,3.1838856400259905,20000.0,144719.0
6089,2011,1.5124183006535947,50.29738562091503,6.928104575163399,17845.0,146739.0
6089,2015,1.5075800112296462,51.68051656372824,3.0881527231892196,20000.0,147576.0
6089,2019,1.5065861690450055,52.29527991218441,2.469813391877058,24000.0,148307.0
6095,2007,1.505439850792664,45.58284115635686,4.507304942493006,25000.0,320960.0
6095,2011,1.4960605105578317,46.65962811219666,7.280176489127009,20300.0,334088.0
6095,2015,1.506778194404384,47.214306316700316,4.499567349293337,25000.0,352808.0
6095,2019,1.501527353512913,49.06109414051652,2.1382949180783117,32000.0,365212.0
6097,2007,1.5168704156479218,47.966259168704156,3.056234718826406,28000.0,380461.0
6097,2011,1.5162790697674418,48.8297157622739,6.2015503875969,23675.0,401090.0
6097,2015,1.5148157070585402,49.2117562033245,3.3004095398699107,28500.0,417428.0
6097,2019,1.5075060532687652,51.282808716707024,1.6707021791767553,36800.0,415761.0
6099,2007,1.5183231538034425,43.89311493614659,5.857856746252081,19500.0,393822.0
6099,2011,1.5192158885736393,45.96466339953572,10.18828991488264,15000.0,398381.0
6099,2015,1.5097112860892388,46.40288713910761,6.456692913385827,17500.0,418019.0
6099,2019,1.5112762005837093,46.891748474396394,3.6614486601220486,24000.0,427437.0
6107,2007,1.512,44.162,6.142857142857143,14400.0,309421.0
6107,2011,1.5117784105617396,44.04814910691173,9.422728449391665,12200.0,328045.0
6107,2015,1.5035398230088495,45.34365781710915,4.808259587020649,14450.0,338920.0
6107,2019,1.5028011204481793,46.74404761904762,3.9215686274509802,20000.0,347694.0
6111,2007,1.5185545292497165,45.65986063847026,3.2247609787716742,25000.0,626537.0
6111,2011,1.509072134533117,46.45109898215076,6.888921669862811,21900.0,657815.0
6111,2015,1.513561061427943,47.641548160093826,4.207594194399649,24800.0,684536.0
6111,2019,1.5081853496115427,49.01997780244173,2.5804661487236404,30000.0,689728.0
6113,2007,1.5296469020652899,41.38107928047968,3.8640906062624913,21000.0,158952.0
6113,2011,1.5466074825618263,42.568801521876985,5.707038681039949,18000.0,165547.0
6113,2015,1.5166468489892984,41.33412604042806,3.686087990487515,19200.0,174572.0
6113,2019,1.5208681135225375,43.60879243183083,2.7824151363383414,25000.0,184298.0
8000,2007,1.5117131672155595,45.9183806623998,3.3461753557447333,25400.0,3225113.0
8000,2011,1.5111614730878187,46.96152974504249,5.53257790368272,23400.0,3389919.0
8000,2015,1.5048644472877386,47.04007435482703,2.9138401371218885,27400.0,4127593.0
8000,2019,1.5036793312732042,47.58558057846646,2.205375603032391,33000.0,4425054.0
8041,2007,1.5078363082281236,44.191554201131915,3.7875489769264257,24000.0,455162.0
8041,2011,1.5027837259100643,44.315845824411134,5.995717344753747,21000.0,500138.0
8069,2015,1.50291715285881,45.92804356281602,3.5783741734733567,28100.0,277250.0
8069,2019,1.5198722498225692,47.14904187366927,2.2711142654364798,32000.0,298792.0
8123,2007,1.509883426254435,42.7704004054739,2.838317283324886,23000.0,190385.0
8123,2011,1.5146804835924006,45.392055267702936,5.354058721934369,21000.0,199044.0
9001,2007,1.5252136752136751,47.50811965811966,3.4757834757834756,30000.0,713520.0
9001,2011,1.529109589041096,48.48340358271865,5.795574288724974,29000.0,740607.0
9001,2015,1.5294655690578858,48.77747288644976,4.377368352280151,32000.0,766891.0
9001,2019,1.523424674832681,49.692764237908825,3.3463821189544136,38700.0,773347.0
9003,2007,1.5365547973819802,47.65603676368194,3.857401476117532,27000.0,710387.0
9003,2011,1.525064267352185,48.117480719794344,6.503856041131105,25000.0,732958.0
9003,2015,1.5295336787564766,48.42746113989637,3.9248704663212437,28375.0,740419.0
9003,2019,1.5182549097139844,50.066956636351655,2.886516409648082,34300.0,739217.0
9005,2007,1.5185572399372713,48.720857292211186,4.077365394668061,30000.0,154921.0
9005,2011,1.5216258467952057,50.77853048462741,5.002605523710265,28500.0,156955.0
9005,2015,1.5008183306055647,52.64320785597381,3.3278777959629027,31800.0,155253.0
9005,2019,1.5148261758691206,53.714723926380366,3.1186094069529653,36000.0,154336.0
9007,2007,1.5082335329341316,47.8690119760479,1.87125748502994,34000.0,135133.0
9007,2011,1.5111940298507462,49.04402985074627,3.731343283582089,28000.0,137199.0
9007,2015,1.5244161358811041,50.11181882519462,3.6093418259023355,30000.0,140350.0
9007,2019,1.5204301075268818,51.01146953405018,2.9390681003584227,35200.0,140392.0
9009,2007,1.5286537295330502,47.21846573681019,4.1843541540327465,25200.0,688804.0
9009,2011,1.53148979296366,47.792094976111194,7.108730273635443,24300.0,706777.0
9009,2015,1.5293137403423724,48.70368126041509,3.802454173610059,27000.0,714048.0
9009,2019,1.5212195495633523,49.24774015627394,3.2327256013482457,31200.0,716015.0
9011,2007,1.5213857998289135,48.05945252352438,3.0795551753635584,29000.0,217855.0
9011,2011,1.5156739811912225,48.17398119122257,4.976489028213167,25000.0,226249.0
9011,2015,1.513899613899614,48.974517374517376,4.362934362934363,28700.0,228450.0
9011,2019,1.5058962264150944,50.686713836477985,3.341194968553459,35395.0,223589.0
9013,2007,1.4900714853057984,43.44082605242256,3.177124702144559,27000.0,123499.0
9013,2011,1.5142630744849446,44.22583201267829,3.9619651347068143,21000.0,128028.0
9013,2015,1.4929472902746845,44.38158871566444,2.7468448403860433,25000.0,128927.0
9013,2019,1.5110952040085899,45.62133142448103,3.0780243378668573,30000.0,129964.0
9015,2007,1.5119388729703915,46.41738299904489,5.157593123209169,25000.0,95471.0
9015,2011,1.5263157894736843,47.22160664819945,7.202216066481995,22800.0,98026.0
9015,2015,1.503898635477583,48.127680311890835,3.1189083820662766,28000.0,96970.0
9015,2019,1.4949954504094631,50.24476797088262,3.0937215650591448,28100.0,97828.0
